Year,Surname,Frecuency
2023,García,226798
2023,González,138253
2023,Sánchez,134723
2023,Fernández,133819
2023,Rodríguez,127456
2023,López,126755
2023,Martínez,102895
2023,Martín,102471
2023,Pérez,96891
2023,Gómez,81356
2023,Jiménez,65585
2023,Díaz,57253
2023,Hernández,55802
2023,Moreno,49774
2023,Muñoz,49220
2023,Ruiz,46159
2023,Álvarez,40688
2023,Alonso,35310
2023,Gutiérrez,32069
2023,Romero,29002
2023,Sanz,27282
2023,Torres,24566
2023,Serrano,23950
2023,Ramírez,23430
2023,Ramos,22430
2023,Gil,20030
2023,Domínguez,19740
2023,Blanco,19654
2023,Rubio,19085
2023,Ortega,17785
2023,Morales,17678
2023,Delgado,17525
2023,Castro,17489
2023,Navarro,17377
2023,Cruz,17356
2023,Ortiz,16819
2023,Santos,16604
2023,Castillo,16231
2023,Molina,15852
2023,Vázquez,15736
2023,Nuñez,14807
2023,Peña,13797
2023,Garrido,12734
2023,Prieto,12689
2023,Flores,12687
2023,Medina,12613
2023,Suárez,12382
2023,Lozano,12248
2023,Marín,12187
2023,Gallego,12113
2023,Montero,12068
2023,Esteban,11706
2023,Calvo,11694
2023,Nieto,11667
2023,Cano,11596
2023,Herrero,11553
2023,León,11219
2023,Bravo,11023
2023,Iglesias,10984
2023,Vega,10976
2023,Diez,10928
2023,Méndez,10909
2023,Herrera,10816
2023,Arias,10657
2023,Carrasco,10412
2023,Rojas,10166
2023,Benito,10042
2023,Reyes,9824
2023,Guerrero,9778
2023,Caballero,9639
2023,Vargas,9620
2023,Pascual,9492
2023,Velasco,9453
2023,Arroyo,9105
2023,Redondo,9094
2023,Blázquez,9067
2023,Vicente,8925
2023,Campos,8883
2023,Fuentes,8846
2023,Mora,8832
2023,Rivera,8717
2023,Silva,8566
2023,Hidalgo,8564
2023,Crespo,8449
2023,Miguel,8408
2023,Merino,8344
2023,Duran,8209
2023,Parra,7994
2023,Fuente,7867
2023,Izquierdo,7824
2023,Aguilar,7823
2023,Casado,7819
2023,Galán,7751
2023,Cortés,7729
2023,Mendoza,7633
2023,Márquez,7543
2023,Sierra,7542
2023,Plaza,7505
2023,Marcos,7443
2023,Cabrera,7399
2023,Lorenzo,7255
2023,Andrés,7200
2023,Rivas,7187
2023,Soto,6958
2023,Pastor,6903
2023,Chen,6861
2023,Calderón,6756
2023,Sáez,6701
2023,Herranz,6693
2023,Pozo,6691
2023,Palacios,6665
2023,Salazar,6628
2023,Camacho,6598
2023,Román,6463
2023,Aparicio,6433
2023,Bermejo,6422
2023,Pardo,6220
2023,Lara,6190
2023,Guzmán,6163
2023,Torre,6146
2023,Contreras,6066
2023,Mateos,6030
2023,Santiago,5960
2023,Espinosa,5897
2023,Moya,5791
2023,Cuesta,5768
2023,Ávila,5758
2023,Manzano,5717
2023,Benítez,5673
2023,Carmona,5668
2023,Valle,5660
2023,Franco,5614
2023,Aguado,5555
2023,Escobar,5549
2023,Ballesteros,5531
2023,Escudero,5521
2023,Rey,5509
2023,Menéndez,5476
2023,Montes,5474
2023,Ibáñez,5465
2023,Gallardo,5414
2023,Heras,5373
2023,Paredes,5371
2023,Robles,5322
2023,Ríos,5309
2023,Bueno,5298
2023,Vera,5230
2023,Rio,5226
2023,Arribas,5200
2023,Lázaro,5184
2023,Abad,5178
2023,Lucas,5163
2023,Guerra,5083
2023,Roldan,4920
2023,Llorente,4907
2023,Hernando,4904
2023,Mateo,4866
2023,Miranda,4803
2023,Carrillo,4737
2023,Antón,4703
2023,Paz,4669
2023,Santamaría,4641
2023,Escribano,4638
2023,Pacheco,4632
2023,Valencia,4629
2023,Rojo,4614
2023,Villar,4607
2023,Vásquez,4545
2023,Rodrigo,4504
2023,Arranz,4441
2023,Vidal,4423
2023,Montoya,4391
2023,Rosa,4353
2023,Rico,4339
2023,Castaño,4313
2023,Acosta,4297
2023,Pereira,4287
2023,Cuevas,4275
2023,Hurtado,4265
2023,Aranda,4262
2023,Otero,4259
2023,Conde,4226
2023,Salas,4209
2023,Navas,4196
2023,Rincón,4196
2023,Murillo,4176
2023,Simón,4165
2023,Vallejo,4149
2023,Barroso,4136
2023,Luna,4119
2023,Polo,4089
2023,Casas,4082
2023,Villanueva,4079
2023,Mejía,4075
2023,Wang,4024
2023,Moran,4007
2023,Valero,3998
2023,Guillen,3975
2023,Barrio,3957
2023,Soriano,3911
2023,Aguirre,3889
2023,Cordero,3883
2023,Bonilla,3882
2023,Collado,3879
2023,Maldonado,3871
2023,Luque,3854
2023,Castellanos,3844
2023,Carretero,3811
2023,Rivero,3809
2023,Corral,3776
2023,Pulido,3766
2023,Rueda,3764
2023,Burgos,3754
2023,Bernal,3741
2023,Villa,3730
2023,Gálvez,3711
2023,Bautista,3708
2023,Campo,3704
2023,Arévalo,3701
2023,Aguilera,3699
2023,Olmo,3697
2023,Valverde,3697
2023,Frutos,3643
2023,Mata,3626
2023,Cuenca,3616
2023,Saiz,3615
2023,Calle,3611
2023,Expósito,3607
2023,Moral,3594
2023,Macías,3581
2023,Vaquero,3564
2023,Villalba,3553
2023,Padilla,3552
2023,Pino,3549
2023,Diego,3546
2023,Cáceres,3542
2023,Gonzalo,3541
2023,Barrios,3533
2023,Domingo,3518
2023,Zapata,3507
2023,Estévez,3504
2023,Segura,3470
2023,Recio,3465
2023,Giménez,3463
2023,Prado,3457
2023,Alarcón,3453
2023,Cárdenas,3410
2023,Quintana,3399
2023,Zhang,3390
2023,Pineda,3377
2023,Heredia,3345
2023,Fraile,3335
2023,Juárez,3318
2023,Soria,3316
2023,Sancho,3298
2023,Ordoñez,3230
2023,Segovia,3221
2023,Arenas,3217
2023,Millán,3204
2023,Mena,3203
2023,Zamora,3195
2023,Oliva,3194
2023,Lin,3186
2023,Agudo,3175
2023,Varela,3146
2023,Maroto,3142
2023,Velázquez,3129
2023,Palomo,3105
2023,Galindo,3095
2023,Santana,3086
2023,Jurado,3045
2023,Ayuso,3032
2023,Bermúdez,3027
2023,Guijarro,3020
2023,Naranjo,3020
2023,Zambrano,3017
2023,Alba,2995
2023,Beltrán,2986
2023,Solís,2973
2023,Pinto,2969
2023,Alvarado,2962
2023,Chávez,2958
2023,Ayala,2957
2023,Grande,2934
2023,Leal,2934
2023,Cámara,2930
2023,Li,2919
2023,Bartolomé,2894
2023,Calero,2888
2023,Xu,2885
2023,Trujillo,2876
2023,Ponce,2866
2023,Ferrer,2857
2023,Ocaña,2848
2023,Blasco,2844
2023,Espinoza,2834
2023,Chacón,2822
2023,Saavedra,2818
2023,Clemente,2809
2023,Tapia,2772
2023,Luengo,2769
2023,Salgado,2752
2023,Mesa,2742
2023,Blas,2722
2023,Cobo,2709
2023,Olivares,2708
2023,Puente,2703
2023,Álvaro,2692
2023,Madrid,2685
2023,Cuadrado,2677
2023,Cabello,2672
2023,Corrales,2671
2023,Toro,2663
2023,Vélez,2660
2023,Correa,2659
2023,Barrera,2651
2023,Linares,2648
2023,Liu,2623
2023,Pizarro,2622
2023,Ochoa,2620
2023,Quintero,2614
2023,Salcedo,2591
2023,Sevilla,2585
2023,Barbero,2577
2023,Duque,2575
2023,Peláez,2559
2023,Ferreira,2554
2023,Sacristán,2554
2023,Toledo,2548
2023,Criado,2545
2023,Villegas,2523
2023,Carvajal,2521
2023,Osorio,2519
2023,Asensio,2503
2023,Jaramillo,2493
2023,Córdoba,2492
2023,Calleja,2487
2023,Paniagua,2486
2023,Cabezas,2483
2023,Cid,2483
2023,Cerezo,2469
2023,Dávila,2461
2023,Peralta,2451
2023,Huerta,2443
2023,Carrión,2442
2023,Salinas,2433
2023,Salvador,2431
2023,Dorado,2429
2023,Chamorro,2424
2023,Porras,2423
2023,Gracia,2419
2023,Velásquez,2411
2023,Figueroa,2406
2023,Pablo,2406
2023,Peinado,2389
2023,Caro,2380
2023,San Jose,2375
2023,Martos,2367
2023,Portillo,2367
2023,Andrade,2365
2023,Angulo,2360
2023,Vela,2357
2023,Soler,2347
2023,Sastre,2336
2023,Palomino,2323
2023,Bustos,2310
2023,Barba,2307
2023,Aragón,2301
2023,Ye,2286
2023,Carrera,2282
2023,Quesada,2279
2023,Alcázar,2272
2023,Losada,2270
2023,Huertas,2230
2023,Mayoral,2228
2023,Ruano,2228
2023,Garzón,2226
2023,Zhou,2226
2023,Giraldo,2215
2023,Perea,2215
2023,Sandoval,2207
2023,Lorente,2194
2023,Sosa,2185
2023,Serna,2182
2023,Amo,2181
2023,Tejedor,2169
2023,Duarte,2156
2023,Estrada,2140
2023,Cobos,2128
2023,Mingo,2126
2023,Tejero,2110
2023,Amador,2108
2023,Alcántara,2104
2023,Lobo,2099
2023,Orozco,2093
2023,Wu,2081
2023,Vergara,2079
2023,Jara,2072
2023,Pavón,2063
2023,Francisco,2048
2023,Mejías,2042
2023,Prada,2035
2023,Godoy,2034
2023,Juan,2032
2023,Granados,2028
2023,Sainz,2022
2023,Matos,2014
2023,Bustamante,2011
2023,Cardona,1998
2023,Ferrero,1998
2023,Acevedo,1997
2023,Araujo,1992
2023,Real,1991
2023,Navarrete,1988
2023,Da Silva,1984
2023,Avilés,1983
2023,Manso,1969
2023,Laguna,1968
2023,Ramiro,1968
2023,Encinas,1964
2023,Robledo,1959
2023,Ojeda,1957
2023,Sobrino,1956
2023,Mínguez,1954
2023,Rocha,1954
2023,Frías,1939
2023,Cantero,1938
2023,Alcalde,1936
2023,Carrero,1934
2023,Rebollo,1933
2023,Haro,1924
2023,Barahona,1915
2023,Zhu,1915
2023,Gonzales,1913
2023,Hernanz,1913
2023,Cerro,1909
2023,Alfonso,1908
2023,Barragán,1899
2023,Castellano,1895
2023,Olmedo,1894
2023,Carballo,1883
2023,Guevara,1877
2023,Zamorano,1872
2023,Pinilla,1871
2023,Sebastián,1870
2023,Arce,1868
2023,Hervás,1861
2023,Asenjo,1858
2023,Rosado,1855
2023,Ventura,1846
2023,Rosales,1835
2023,Manzanares,1823
2023,Luis,1810
2023,Valdés,1806
2023,Feliz,1803
2023,Morillo,1800
2023,Borja,1798
2023,Cebrián,1797
2023,Becerra,1789
2023,Castilla,1782
2023,Álamo,1781
2023,Yuste,1780
2023,Gordo,1778
2023,Valenzuela,1778
2023,Orellana,1769
2023,Toribio,1757
2023,Morcillo,1755
2023,Patiño,1743
2023,Cristóbal,1738
2023,Cañas,1737
2023,Quispe,1719
2023,Castañeda,1712
2023,Herraiz,1712
2023,Marques,1701
2023,Sepúlveda,1698
2023,Baena,1696
2023,Jimeno,1691
2023,Toledano,1688
2023,Tomas,1685
2023,Solano,1682
2023,Vara,1682
2023,Barrero,1681
2023,Molero,1678
2023,Nogales,1678
2023,Ledesma,1662
2023,Puerta,1662
2023,Elvira,1661
2023,Montalvo,1661
2023,Bello,1660
2023,Cuellar,1660
2023,Manrique,1658
2023,Nicolás,1652
2023,Dueñas,1651
2023,Vila,1651
2023,Cabrero,1650
2023,Yagüe,1648
2023,Tello,1647
2023,Canales,1646
2023,Alfaro,1644
2023,Molinero,1641
2023,Melero,1626
2023,Alcalá,1624
2023,Reina,1619
2023,Mota,1618
2023,Sevillano,1618
2023,Baeza,1611
2023,Pedraza,1611
2023,Mosquera,1610
2023,Coronado,1609
2023,Oliveira,1608
2023,Tirado,1605
2023,Cifuentes,1603
2023,Arteaga,1593
2023,Pablos,1591
2023,Ramón,1586
2023,Dos Santos,1585
2023,Costa,1583
2023,Moyano,1583
2023,Zheng,1572
2023,Arellano,1570
2023,Jorge,1566
2023,Tena,1564
2023,Tejada,1557
2023,Palomares,1550
2023,Gimeno,1541
2023,San Martín,1540
2023,Yáñez,1536
2023,Espada,1535
2023,Requena,1535
2023,Gordillo,1534
2023,Marco,1533
2023,Tamayo,1532
2023,Hernán,1529
2023,Meléndez,1528
2023,Rosario,1527
2023,Atienza,1526
2023,Olmos,1520
2023,Arcos,1513
2023,Narváez,1511
2023,Montoro,1509
2023,Monge,1506
2023,Talavera,1506
2023,Alcaide,1499
2023,Gámez,1499
2023,Quirós,1499
2023,Céspedes,1498
2023,Bejarano,1497
2023,Poza,1497
2023,Catalán,1493
2023,Centeno,1493
2023,Peral,1492
2023,Poveda,1491
2023,Checa,1487
2023,Palma,1476
2023,Enríquez,1472
2023,Rodrigues,1465
2023,Vivas,1464
2023,Felipe,1462
2023,Lobato,1461
2023,Yang,1461
2023,Morena,1459
2023,Torrijos,1455
2023,Salamanca,1453
2023,Florez,1452
2023,Moraleda,1451
2023,Prados,1451
2023,Maya,1448
2023,Téllez,1445
2023,Ceballos,1439
2023,Mansilla,1438
2023,San Román,1438
2023,Casanova,1436
2023,Huang,1436
2023,Llanos,1423
2023,Brito,1421
2023,Fajardo,1420
2023,Casero,1418
2023,Saenz,1412
2023,Medrano,1410
2023,Mercado,1410
2023,Valiente,1409
2023,Chaves,1407
2023,Almeida,1405
2023,Páez,1400
2023,Girón,1393
2023,Jerez,1391
2023,Sarmiento,1384
2023,Carreño,1379
2023,Lafuente,1378
2023,Muñiz,1375
2023,Cabanillas,1374
2023,Fuertes,1374
2023,Nevado,1371
2023,Báez,1368
2023,Machado,1368
2023,Merchán,1366
2023,Ibarra,1364
2023,Adán,1363
2023,Ariza,1360
2023,Perales,1357
2023,Dios,1355
2023,Moro,1350
2023,Romo,1350
2023,Amaya,1349
2023,Freire,1349
2023,Romera,1348
2023,San Juan,1347
2023,Tome,1342
2023,Llamas,1336
2023,Fonseca,1332
2023,Montaño,1328
2023,Roca,1326
2023,Popa,1322
2023,Moreira,1319
2023,Barco,1318
2023,Quiroga,1318
2023,Hoyos,1317
2023,Vadillo,1317
2023,Briones,1312
2023,Chico,1310
2023,Albarrán,1309
2023,Revilla,1309
2023,Val,1308
2023,Carpio,1307
2023,Córdova,1301
2023,Pareja,1300
2023,Benavente,1298
2023,Borrego,1297
2023,Valera,1296
2023,Tovar,1294
2023,Herreros,1291
2023,Buitrago,1290
2023,Revuelta,1289
2023,Acedo,1288
2023,Palacio,1283
2023,Alcaraz,1281
2023,Pedro,1281
2023,Zafra,1278
2023,Parrilla,1269
2023,Meneses,1263
2023,Espejo,1262
2023,Mayor,1261
2023,Barranco,1257
2023,Restrepo,1257
2023,Ureña,1255
2023,Villaverde,1255
2023,Mayo,1254
2023,Sousa,1253
2023,Lago,1252
2023,Alves,1248
2023,Roa,1247
2023,Garcés,1240
2023,Labrador,1234
2023,Orgaz,1230
2023,Iglesia,1228
2023,Casillas,1225
2023,Cornejo,1222
2023,Herráez,1221
2023,Gago,1220
2023,Piña,1218
2023,Benavides,1212
2023,Latorre,1209
2023,Cueva,1206
2023,Pozuelo,1204
2023,Hu,1203
2023,Cubero,1202
2023,Carranza,1199
2023,Sanabria,1198
2023,Meza,1197
2023,Oliver,1195
2023,Quevedo,1195
2023,Amor,1194
2023,Urbina,1192
2023,Berrocal,1191
2023,Maestre,1191
2023,Cañizares,1190
2023,Galván,1187
2023,Huete,1183
2023,Madrigal,1181
2023,Vizcaíno,1180
2023,Zurita,1180
2023,Pajares,1175
2023,Alegre,1174
2023,Granado,1174
2023,Zúñiga,1174
2023,Ferreiro,1173
2023,Morón,1173
2023,Valdez,1172
2023,Lima,1170
2023,Torrejón,1168
2023,Peñas,1167
2023,Briceño,1165
2023,Carrascosa,1164
2023,Matías,1161
2023,Pop,1161
2023,Matesanz,1160
2023,Buendía,1159
2023,Trigo,1156
2023,Abreu,1155
2023,Londoño,1155
2023,Vaca,1155
2023,Cisneros,1152
2023,Gregorio,1152
2023,Sampedro,1151
2023,Bolaños,1150
2023,Cabañas,1149
2023,Oviedo,1149
2023,Jesús,1148
2023,Montenegro,1146
2023,Simbaña,1140
2023,Belinchon,1139
2023,Pintado,1139
2023,Arjona,1131
2023,Uceda,1130
2023,Cepeda,1125
2023,Antonio,1123
2023,Palomar,1123
2023,Saz,1122
2023,Puertas,1119
2023,Bernardo,1117
2023,Leiva,1114
2023,Solana,1112
2023,Infante,1105
2023,Monje,1105
2023,Martí,1104
2023,Villalobos,1104
2023,Coronel,1102
2023,Pantoja,1100
2023,Paris,1100
2023,Gallo,1098
2023,Jaén,1097
2023,Osuna,1093
2023,Barrado,1090
2023,Ros,1089
2023,Carpintero,1087
2023,Puerto,1085
2023,Magro,1084
2023,Monzón,1083
2023,Saldaña,1083
2023,Vegas,1077
2023,Bedoya,1076
2023,Montilla,1075
2023,Jiang,1073
2023,Carbonell,1072
2023,Bernabé,1066
2023,Ferreras,1065
2023,Gomes,1061
2023,Novillo,1061
2023,Lujan,1058
2023,Mellado,1057
2023,Echevarría,1054
2023,Marina,1053
2023,Gamarra,1052
2023,Maestro,1048
2023,Acuña,1047
2023,Jordán,1047
2023,Batista,1045
2023,Carro,1043
2023,Picazo,1042
2023,Villarreal,1040
2023,Vilches,1039
2023,Úbeda,1035
2023,Ayllon,1033
2023,Ospina,1028
2023,Sanjuán,1025
2023,Egido,1023
2023,Campillo,1021
2023,Donoso,1021
2023,Chaparro,1018
2023,Coca,1017
2023,Panadero,1013
2023,Higueras,1009
2023,Iniesta,1008
2023,Arango,1007
2023,Gascón,1005
2023,Seco,1005
2023,Chicharro,1004
2023,Ropero,1004
2023,Acero,1001
2023,Cerrato,1001
2023,Granda,1001
2023,Maria,998
2023,Salguero,996
2023,Fernandes,995
2023,Mera,992
2023,Peñalver,989
2023,España,988
2023,Callejo,986
2023,Cedeño,986
2023,Radu,986
2023,Amores,983
2023,Aquino,982
2023,Ocampo,982
2023,Cabeza,981
2023,Salmerón,981
2023,Alcocer,977
2023,Cervantes,975
2023,Roncero,975
2023,Higuera,972
2023,Egea,971
2023,Galeano,969
2023,Morillas,969
2023,Ahmed,966
2023,Hermoso,964
2023,Mancebo,962
2023,Mas,962
2023,Almagro,961
2023,Guamán,961
2023,Zazo,960
2023,Bellido,958
2023,Urbano,954
2023,Cervera,953
2023,Jin,948
2023,San Segundo,946
2023,Anaya,944
2023,Taboada,943
2023,Quiñones,942
2023,Puebla,941
2023,Torralba,941
2023,Ovejero,940
2023,Barrientos,939
2023,Varas,937
2023,Villarroel,937
2023,Palencia,934
2023,Cazorla,931
2023,Piñero,931
2023,Cortijo,929
2023,Vacas,929
2023,Lillo,928
2023,Recuero,923
2023,Yu,923
2023,Agudelo,921
2023,Julián,920
2023,Gaitán,918
2023,Morante,917
2023,Noguera,916
2023,Guisado,910
2023,Cañadas,908
2023,Maqueda,908
2023,Martíns,908
2023,Rabadán,908
2023,Melgar,907
2023,Valbuena,907
2023,Valladares,907
2023,Barreto,904
2023,Gamero,904
2023,Motos,904
2023,Dieguez,903
2023,Baños,902
2023,Fresno,902
2023,Aznar,901
2023,Piqueras,901
2023,Rus,900
2023,Cordón,899
2023,Sun,899
2023,Montesinos,898
2023,Triguero,897
2023,Hoz,894
2023,Barriga,889
2023,Arnaiz,888
2023,Quiroz,888
2023,Gamboa,887
2023,Cañete,886
2023,San Miguel,886
2023,Calzada,885
2023,Abril,882
2023,Barreiro,881
2023,Morato,881
2023,Araque,880
2023,Escalante,877
2023,Pedrero,876
2023,Monroy,875
2023,Escalona,872
2023,Marugan,872
2023,Coello,870
2023,Nuño,869
2023,Garay,868
2023,Nieves,868
2023,Piñeiro,867
2023,Polanco,866
2023,Antolín,863
2023,Almazán,862
2023,Duro,862
2023,Carbajo,857
2023,Valdivia,857
2023,Perdomo,856
2023,Daza,855
2023,Rubia,855
2023,Valentín,855
2023,Solorzano,854
2023,Bayón,853
2023,Bruno,852
2023,Mariscal,850
2023,Valles,850
2023,Camarero,847
2023,Gala,847
2023,Parada,847
2023,Nava,846
2023,Hoyo,845
2023,Lucena,845
2023,Bachiller,844
2023,Agüero,843
2023,Feito,842
2023,Niño,842
2023,Aceituno,839
2023,Escolar,839
2023,Horcajo,839
2023,Henao,837
2023,Hinojosa,837
2023,Terán,837
2023,Barbosa,835
2023,Trillo,835
2023,Mira,833
2023,Montiel,833
2023,Pereda,832
2023,Cadenas,831
2023,Andújar,830
2023,Belmonte,829
2023,Novoa,829
2023,Viñas,829
2023,Pazos,828
2023,Zabala,828
2023,Betancourt,827
2023,Holguín,827
2023,Serroukh,827
2023,Holgado,826
2023,Olivera,823
2023,Uribe,823
2023,Neira,822
2023,Ali,819
2023,Cubillo,819
2023,Mendieta,817
2023,Diallo,814
2023,Rodas,813
2023,Arana,812
2023,Serra,809
2023,Tenorio,809
2023,Hierro,808
2023,Ares,807
2023,Guo,807
2023,Villena,806
2023,Avalos,804
2023,Parras,803
2023,Noriega,800
2023,Quintanilla,800
2023,Losa,799
2023,Barajas,798
2023,Cortez,798
2023,Quezada,797
2023,Quero,796
2023,Monsalve,794
2023,Vaquerizo,794
2023,Sola,793
2023,Donaire,792
2023,Goncalves,792
2023,Berzal,791
2023,Popescu,791
2023,Zarza,791
2023,Aragonés,789
2023,Moncada,788
2023,Falcón,787
2023,Castejón,786
2023,Magan,783
2023,Salido,783
2023,Zaragoza,782
2023,Maeso,781
2023,Solera,781
2023,Garrote,779
2023,Fidalgo,778
2023,Pimentel,778
2023,Vilchez,778
2023,Gabarre,777
2023,Murcia,777
2023,Marte,776
2023,Melo,776
2023,Souza,776
2023,Bajo,775
2023,Olalla,775
2023,Domenech,774
2023,Tejeda,774
2023,Heredero,771
2023,Ivanov,770
2023,Parejo,768
2023,Abellán,765
2023,Mate,764
2023,Sanguino,763
2023,Mayorga,761
2023,Echeverría,760
2023,Lora,759
2023,Manzanero,759
2023,Barros,758
2023,Torrico,757
2023,Morgado,756
2023,Camino,755
2023,Andreu,754
2023,Valcárcel,753
2023,Zarate,752
2023,Ivanova,751
2023,Verdugo,751
2023,Utrilla,748
2023,Lugo,746
2023,Borreguero,744
2023,Lema,741
2023,Matamoros,741
2023,Pina,741
2023,Beltre,739
2023,Rangel,739
2023,Xia,738
2023,Velarde,737
2023,Valderrama,735
2023,Iñigo,732
2023,Zurdo,732
2023,Pinedo,731
2023,Angel,730
2023,Rosas,730
2023,Carracedo,726
2023,Cuervo,726
2023,Stan,726
2023,Colmenarejo,725
2023,Ciudad,724
2023,Puig,724
2023,Castillejo,723
2023,Mamani,723
2023,Corredor,721
2023,Castrillo,720
2023,Moldovan,720
2023,Casares,718
2023,Antúnez,717
2023,Cánovas,717
2023,Feijoo,717
2023,Maza,714
2023,Carreras,713
2023,Isidro,712
2023,Cheng,710
2023,Águila,709
2023,Chica,709
2023,Caicedo,708
2023,Terrón,707
2023,Anguita,706
2023,Zorrilla,705
2023,Valdivieso,702
2023,Ji,701
2023,Mirón,700
2023,Aldea,697
2023,Molano,696
2023,Monedero,695
2023,Rufo,695
2023,Muriel,694
2023,Dumitru,693
2023,Humanes,692
2023,Stoica,692
2023,Gamo,691
2023,Manjón,691
2023,Cea,690
2023,Samaniego,690
2023,Encarnación,689
2023,Pedrosa,689
2023,Yubero,688
2023,Olmeda,687
2023,Vivar,687
2023,Zapatero,687
2023,Bellón,686
2023,Rodero,685
2023,Trejo,683
2023,Oliveros,682
2023,Triviño,682
2023,Torrecilla,681
2023,Cañada,680
2023,Llano,680
2023,Valenciano,680
2023,Bodas,678
2023,Alameda,677
2023,Nuevo,676
2023,Royo,674
2023,Pita,673
2023,Barón,672
2023,Cueto,672
2023,Lumbreras,672
2023,Patón,672
2023,Elías,671
2023,Sedano,671
2023,Concepción,670
2023,Gozalo,670
2023,Cardozo,668
2023,Félix,668
2023,Tabares,668
2023,Cardoso,667
2023,Priego,667
2023,Zhao,667
2023,Ulloa,665
2023,Amaro,664
2023,Carralero,664
2023,Gabriel,664
2023,Corrochano,662
2023,Hermida,662
2023,Lastra,662
2023,Parraga,662
2023,Bolívar,661
2023,Riera,661
2023,Pajuelo,658
2023,Risco,657
2023,Vieira,656
2023,Cabo,655
2023,Viejo,655
2023,Zarco,655
2023,Perdiguero,654
2023,Huaman,653
2023,Mihai,653
2023,Flor,652
2023,Ginés,652
2023,Reinoso,652
2023,Barquilla,651
2023,Rondón,651
2023,Vico,649
2023,Villarejo,649
2023,Llave,648
2023,Novo,648
2023,Galiano,647
2023,Tercero,647
2023,Gheorghe,646
2023,Miralles,646
2023,Caraballo,645
2023,Mangas,644
2023,Cerrada,643
2023,Machuca,643
2023,Marrero,643
2023,Ribeiro,643
2023,Conejo,642
2023,Montalbán,642
2023,Ollero,642
2023,Camargo,641
2023,Pastrana,641
2023,Posada,641
2023,Seoane,641
2023,Yepes,641
2023,El Moussaoui,640
2023,Pelayo,640
2023,Ranz,639
2023,Portero,638
2023,Hita,637
2023,Cevallos,635
2023,Melchor,633
2023,Curiel,632
2023,Gaspar,630
2023,Montejo,630
2023,Carrascal,628
2023,Mendes,628
2023,Avendaño,627
2023,Calzado,627
2023,Villarrubia,626
2023,Notario,625
2023,Alcolea,624
2023,Astudillo,624
2023,Lamas,624
2023,Galarza,623
2023,Matei,623
2023,Culebras,621
2023,Gallegos,621
2023,Liébana,621
2023,Parrondo,620
2023,Serban,620
2023,Henríquez,618
2023,Lopes,618
2023,Teruel,618
2023,Carazo,617
2023,Fresneda,617
2023,Godino,617
2023,Mazo,617
2023,Moratilla,617
2023,Muro,616
2023,Rosillo,616
2023,Minaya,615
2023,Nombela,615
2023,Matas,612
2023,Correas,611
2023,Jareño,611
2023,Viana,611
2023,Vasile,609
2023,Pan,608
2023,Suero,608
2023,Rioja,606
2023,Silvestre,606
2023,Aguayo,605
2023,Berlanga,605
2023,Ferrera,604
2023,Portela,604
2023,Amado,603
2023,Torrado,603
2023,Béjar,602
2023,Esteve,602
2023,Jaime,602
2023,Qiu,602
2023,Caño,599
2023,Infantes,599
2023,Cantarero,598
2023,He,598
2023,Riesco,598
2023,Isabel,597
2023,Pariente,597
2023,Armas,596
2023,Colorado,596
2023,Loaiza,596
2023,Gavilán,595
2023,Pons,594
2023,Regidor,594
2023,Riva,594
2023,Romano,594
2023,Brea,593
2023,Roque,593
2023,Ciobanu,590
2023,Laso,590
2023,Postigo,590
2023,Ugarte,589
2023,Mediavilla,587
2023,Moreta,587
2023,Simarro,587
2023,Alguacil,586
2023,Aroca,585
2023,Illescas,585
2023,Palmero,585
2023,Ortego,584
2023,Piedra,584
2023,Veiga,584
2023,Mencía,583
2023,El Idrissi,582
2023,Freitas,582
2023,Matute,582
2023,Plata,582
2023,Cuadros,579
2023,Espín,578
2023,Mérida,578
2023,Matilla,577
2023,Escamilla,576
2023,Bilbao,575
2023,Arguello,574
2023,Casal,573
2023,Monreal,573
2023,Rozas,573
2023,Banegas,571
2023,Cavero,571
2023,Vinuesa,571
2023,Morata,570
2023,Nova,570
2023,David,569
2023,Galera,569
2023,Mohamed,568
2023,Obregón,568
2023,Corbacho,567
2023,Fabián,567
2023,Gijón,567
2023,Mariño,567
2023,Yebra,567
2023,Horcajada,566
2023,Ballester,564
2023,Funes,564
2023,Guardia,564
2023,Colmenares,562
2023,Iñiguez,562
2023,Pena,562
2023,Menor,561
2023,Aliaga,560
2023,Barceló,558
2023,Barquero,558
2023,Constantin,558
2023,Dinu,558
2023,Gabarri,558
2023,Baquero,557
2023,Barrul,557
2023,Raya,556
2023,Bonet,555
2023,Gordon,555
2023,Sotelo,555
2023,Trinidad,555
2023,Carmena,554
2023,Arredondo,553
2023,Bazán,553
2023,Carnicero,553
2023,Casa,553
2023,Muela,553
2023,Santander,553
2023,Días,552
2023,Pico,552
2023,Laínez,551
2023,Novas,551
2023,Estrella,550
2023,Peiró,550
2023,Santacruz,549
2023,Gayo,548
2023,Venegas,548
2023,Almendros,547
2023,Aponte,546
2023,Puentes,544
2023,Verdejo,544
2023,Capilla,543
2023,Chamizo,543
2023,Alía,541
2023,Almodóvar,541
2023,Bustillo,541
2023,Fraga,541
2023,Rendón,541
2023,Espinal,540
2023,Lama,540
2023,Largo,540
2023,Portilla,540
2023,Requejo,540
2023,Chicaiza,539
2023,Urrutia,539
2023,Cantos,538
2023,Rengifo,538
2023,Alcon,537
2023,Quijada,537
2023,Sandu,537
2023,Georgieva,536
2023,Barral,534
2023,Blanca,534
2023,Encabo,534
2023,Nogueira,534
2023,Oñate,534
2023,Salinero,534
2023,Abajo,533
2023,Borges,533
2023,Justo,531
2023,Marquina,531
2023,Rayo,530
2023,Salvatierra,530
2023,Agustín,529
2023,Mañas,529
2023,Merlo,529
2023,Olías,529
2023,Villalta,529
2023,Alemán,528
2023,Gabaldón,528
2023,Albert,527
2023,Altamirano,527
2023,Leyva,526
2023,Nieva,526
2023,Abella,524
2023,Juez,524
2023,Colmenar,523
2023,Trenado,523
2023,Alberca,522
2023,Olivas,522
2023,Galisteo,519
2023,Monteagudo,519
2023,Mayordomo,518
2023,Verde,518
2023,Cristea,517
2023,Cruzado,517
2023,Monte,517
2023,Callejas,516
2023,Casarrubios,516
2023,Celis,516
2023,Florea,516
2023,Megias,515
2023,Paramo,515
2023,Piris,515
2023,Bastidas,513
2023,Botella,513
2023,Nájera,513
2023,Raboso,513
2023,Sarango,512
2023,Somolinos,511
2023,Alejo,510
2023,Almansa,510
2023,Cantalejo,510
2023,Lerma,510
2023,Tornero,510
2023,Trapero,510
2023,Vicario,510
2023,Alcañiz,509
2023,Arriba,509
2023,Camuñas,509
2023,Nogal,509
2023,Algaba,507
2023,Amigo,507
2023,Lazar,507
2023,Pozas,507
2023,Zavala,507
2023,Reguera,506
2023,Collantes,505
2023,Ilie,505
2023,Varona,505
2023,Zhan,505
2023,Burgueño,503
2023,Mármol,503
2023,Canto,502
2023,Munteanu,502
2023,Sarabia,502
2023,Arriaga,501
2023,Milla,501
2023,Rosero,501
2023,Khan,500
2023,Rusu,500
2023,Siles,500
2023,Viera,500
2023,Malagón,499
2023,Smith,498
2023,Antequera,497
2023,Arco,497
2023,Moraga,497
2023,Osa,497
2023,Alzate,496
2023,Arrieta,496
2023,Barea,496
2023,Bote,496
2023,Esquinas,496
2023,Morocho,496
2023,Pallares,496
2023,Peso,496
2023,Somoza,496
2023,Belhaj,495
2023,Encinar,494
2023,Rosell,494
2023,Torralbo,493
2023,Becerril,492
2023,Esquivel,492
2023,Estébanez,492
2023,Cubas,491
2023,Stefan,491
2023,Aragoneses,490
2023,Bárcena,490
2023,Peñafiel,490
2023,Ricote,490
2023,Sicilia,490
2023,Tébar,490
2023,Campuzano,489
2023,Cozar,488
2023,Espino,488
2023,Cabral,487
2023,Lagos,487
2023,Larrea,487
2023,Oprea,487
2023,Estebaranz,486
2023,Hoyas,486
2023,Acebes,485
2023,Lee,485
2023,Mozo,484
2023,Plasencia,484
2023,Pliego,484
2023,Raposo,484
2023,Gao,483
2023,Masa,483
2023,Dimitrova,482
2023,Georgiev,482
2023,Peñaranda,482
2023,Pinzón,482
2023,Singh,482
2023,Barreno,481
2023,Chavarría,481
2023,Macho,481
2023,Rúa,481
2023,Saugar,481
2023,Torija,481
2023,Guinea,480
2023,Teixeira,480
2023,Uríarte,480
2023,Almarza,479
2023,Barrena,479
2023,Bragado,479
2023,Verdú,479
2023,Castello,478
2023,Erazo,478
2023,Mohedano,478
2023,Vivanco,478
2023,Berenguer,476
2023,Morera,476
2023,Resino,476
2023,Lucero,475
2023,Rahman,475
2023,Villalón,475
2023,Barrionuevo,474
2023,Moratalla,474
2023,Toapanta,473
2023,Vasco,473
2023,Panizo,472
2023,Pintor,472
2023,Cabrerizo,471
2023,Peces,471
2023,Abascal,470
2023,Cedillo,470
2023,Espinola,470
2023,Francés,470
2023,Samper,470
2023,Timón,470
2023,Arcas,469
2023,Cerón,469
2023,Ludeña,469
2023,Pindado,469
2023,Conesa,468
2023,Forero,468
2023,Regalado,467
2023,Sotillo,467
2023,Souto,467
2023,Coloma,466
2023,Cejudo,465
2023,Manzaneque,465
2023,Pascua,465
2023,Tabernero,465
2023,Carnero,464
2023,Consuegra,464
2023,Toma,464
2023,Merinero,463
2023,Miguelez,462
2023,Rica,462
2023,Águeda,461
2023,Cura,461
2023,Isla,461
2023,Loeches,460
2023,Megia,460
2023,Caiza,459
2023,Nadal,459
2023,Pachón,459
2023,Toral,459
2023,Velayos,459
2023,Rodenas,458
2023,Arriero,457
2023,Olivar,457
2023,Rupérez,457
2023,Benali,456
2023,Calles,456
2023,Cuadra,456
2023,Granero,456
2023,Pernia,456
2023,Zorita,456
2023,Belda,455
2023,Berrio,455
2023,Albaladejo,454
2023,Cerda,454
2023,Riaño,454
2023,Riquelme,454
2023,Arboleda,453
2023,Gaviria,453
2023,Mantilla,453
2023,Melgarejo,453
2023,Pinel,453
2023,Cardeña,452
2023,Grau,452
2023,Lazo,452
2023,Antona,451
2023,Figuereo,451
2023,Herrador,451
2023,Iriarte,451
2023,Trueba,451
2023,Vanegas,451
2023,Vigil,451
2023,Abarca,450
2023,Muelas,450
2023,Colomo,449
2023,Marcano,449
2023,Municio,449
2023,Tortosa,449
2023,Anta,448
2023,Cacho,448
2023,Carbonero,448
2023,Damián,448
2023,Elena,447
2023,Enciso,447
2023,Lanza,447
2023,Llopis,447
2023,Miguez,447
2023,Font,446
2023,Serradilla,446
2023,Campoverde,445
2023,Cardenal,445
2023,Gamella,445
2023,Lozada,445
2023,Olaya,445
2023,Vilar,444
2023,Carvalho,443
2023,Picón,443
2023,Presa,443
2023,Armenteros,442
2023,Candela,442
2023,Lomas,442
2023,Sanmartín,442
2023,Almendro,440
2023,Andrei,440
2023,Veliz,440
2023,Perera,439
2023,Riaza,439
2023,Zambrana,439
2023,Bohórquez,438
2023,Clavero,438
2023,Goñi,438
2023,Lu,437
2023,Villares,437
2023,Abadía,436
2023,Dimitrov,436
2023,Olea,436
2023,Aranguren,435
2023,Casco,435
2023,Castrejón,435
2023,Leo,435
2023,Armijos,434
2023,Celada,434
2023,Colina,434
2023,Granizo,434
2023,Hortelano,434
2023,Izaguirre,434
2023,Victoria,434
2023,Baz,433
2023,Lucio,433
2023,Angeles,432
2023,Galiana,432
2023,Alegría,431
2023,Arroba,431
2023,Collaguazo,431
2023,Herradon,431
2023,Junquera,431
2023,Meco,431
2023,Mesonero,431
2023,Bernardino,429
2023,Lezcano,429
2023,Morel,429
2023,Sanchidrian,429
2023,Yánez,428
2023,Correia,427
2023,Farías,427
2023,Gaona,427
2023,Ion,427
2023,Ripoll,427
2023,Sancha,427
2023,Doncel,426
2023,Soares,426
2023,Yépez,426
2023,Escalera,425
2023,Montaña,425
2023,Corona,424
2023,Tejera,424
2023,Vlad,424
2023,Carbajal,423
2023,Kim,423
2023,Ma,423
2023,Montejano,423
2023,Santillán,423
2023,Ajenjo,422
2023,Chirinos,422
2023,Pires,422
2023,Obando,421
2023,Aguiar,420
2023,Nunes,420
2023,Larios,419
2023,Arquero,418
2023,Cao,418
2023,Colino,418
2023,Limón,418
2023,Vigara,418
2023,Illan,417
2023,Lavado,417
2023,Riveros,417
2023,Barbera,416
2023,Bosque,416
2023,Loor,416
2023,Molino,416
2023,Ortuño,416
2023,Stanciu,416
2023,Zelaya,416
2023,Benayas,415
2023,Manuel,415
2023,Chinchilla,413
2023,Espinar,413
2023,Preda,413
2023,Rodelgo,413
2023,Torrente,413
2023,Balan,412
2023,Claros,412
2023,Góngora,412
2023,Hossain,412
2023,Pulgar,412
2023,Clavijo,411
2023,Troya,411
2023,Colas,410
2023,Modéjar,410
2023,Pecharromán,410
2023,Lominchar,409
2023,Barbu,408
2023,Marchena,408
2023,Platero,408
2023,Sotomayor,408
2023,Ungureanu,407
2023,Valls,407
2023,Aldana,406
2023,Almonte,406
2023,Barrantes,406
2023,Lupu,406
2023,Manchado,406
2023,Marañón,406
2023,Sen,406
2023,Tajuelo,406
2023,Vallejos,406
2023,Arcones,405
2023,Craciun,404
2023,Ionita,404
2023,Parro,404
2023,Pedroche,404
2023,Saucedo,404
2023,Siguero,404
2023,Ionescu,403
2023,Navacerrada,403
2023,Poyatos,403
2023,Pradillo,403
2023,Sanchis,403
2023,Gadea,402
2023,Guardiola,402
2023,Loro,402
2023,Parreño,402
2023,Paucar,402
2023,Sol,402
2023,Dong,401
2023,Moñino,401
2023,Padrón,401
2023,Mancheño,400
2023,Menchero,400
2023,Shi,400
2023,Pla,399
2023,Romeral,399
2023,Santa Cruz,399
2023,Bayo,398
2023,Choque,397
2023,Islam,397
2023,Mocanu,397
2023,Anghel,396
2023,Cañamero,396
2023,Concha,396
2023,Illana,396
2023,Quiñonez,396
2023,Ruz,396
2023,Torregrosa,396
2023,Amarilla,395
2023,Mendiola,395
2023,Corredera,394
2023,Mallo,394
2023,Nebreda,394
2023,Roda,394
2023,Silván,394
2023,Cai,393
2023,Condori,393
2023,Luca,393
2023,Nistal,393
2023,Reguero,393
2023,Figueredo,392
2023,Marchante,392
2023,Neagu,392
2023,Yin,392
2023,Andrino,391
2023,Rentero,391
2023,Bernabéu,390
2023,Carlos,390
2023,Fuster,390
2023,Llorens,390
2023,Prats,390
2023,Vilela,390
2023,Antelo,389
2023,Corroto,389
2023,Coto,389
2023,Mato,389
2023,Peco,389
2023,Quijano,389
2023,Sequera,389
2023,Aller,388
2023,Caso,388
2023,Batres,387
2023,Fraguas,387
2023,Monterrubio,387
2023,Puga,387
2023,Tudor,387
2023,Juanes,386
2023,Negrete,386
2023,Renedo,386
2023,Castrillón,385
2023,Jarillo,385
2023,Jódar,385
2023,Magaña,385
2023,Valladolid,385
2023,Barreda,384
2023,Coman,384
2023,Cortina,384
2023,Ondo,384
2023,Seijas,384
2023,Quiles,383
2023,Vecino,383
2023,Catalina,382
2023,Iordache,382
2023,Tejerina,382
2023,Amoros,381
2023,Candelas,381
2023,Lizana,381
2023,Ugena,381
2023,Yunta,381
2023,Alhambra,380
2023,Quintas,380
2023,Vizuete,380
2023,Allende,379
2023,Catalá,379
2023,Perona,379
2023,Caparros,378
2023,Laborda,378
2023,Manea,378
2023,Pinar,378
2023,Rascón,378
2023,Afkir,377
2023,Afonso,377
2023,Balbuena,377
2023,Galvis,377
2023,Paulino,377
2023,Uría,377
2023,Yusta,377
2023,Lechuga,376
2023,Muresan,376
2023,Prudencio,376
2023,Riesgo,376
2023,Cogolludo,375
2023,Esparza,375
2023,Lavín,375
2023,Hermosilla,374
2023,Naharro,374
2023,Reyero,374
2023,Ndiaye,373
2023,Braojos,372
2023,Lope,372
2023,Noboa,372
2023,Ahijado,371
2023,Bastida,371
2023,Ene,370
2023,Fontán,370
2023,Palomero,370
2023,Petrova,370
2023,Tapiador,370
2023,Arrabal,369
2023,Gismero,369
2023,Plana,369
2023,Díaz Maroto,368
2023,Fúnez,368
2023,Mujica,368
2023,Pintos,368
2023,Reviriego,368
2023,San Andrés,368
2023,Ampuero,367
2023,Fernández Pacheco,367
2023,Lemus,367
2023,Ballestero,366
2023,Estepa,366
2023,Fierro,366
2023,Lorca,366
2023,Sala,366
2023,Cava,365
2023,Cerdán,365
2023,Farfán,365
2023,Fariñas,365
2023,German,365
2023,Mogollón,365
2023,Pereyra,365
2023,Pinillos,365
2023,Tinoco,364
2023,Busto,363
2023,Lage,363
2023,Orden,363
2023,Rivilla,363
2023,Lancho,362
2023,Revenga,362
2023,Zayas,362
2023,Lebrón,361
2023,Llerena,361
2023,Lucia,361
2023,Medel,361
2023,Onrubia,361
2023,Pueyo,361
2023,Simancas,361
2023,Alejandre,360
2023,Javier,360
2023,Rama,360
2023,Saura,360
2023,Burguillo,359
2023,Lasso,359
2023,Povedano,359
2023,Zuluaga,359
2023,Cancho,358
2023,Chimeno,358
2023,Pescador,358
2023,Rossi,358
2023,Rovira,358
2023,Villavicencio,358
2023,Augusto,357
2023,Britez,357
2023,Cuello,357
2023,Lendinez,357
2023,Malo,357
2023,Paños,357
2023,Vozmediano,357
2023,Arguelles,356
2023,Bayona,356
2023,Hevia,356
2023,Ndong,356
2023,Yan,356
2023,Ardila,355
2023,Díaz Guerra,355
2023,Maganto,355
2023,Villamayor,355
2023,Vindel,355
2023,Relaño,354
2023,Tanase,354
2023,Canal,353
2023,Santa,353
2023,Sayago,353
2023,Almena,352
2023,Bernardos,352
2023,Colmenero,352
2023,Peguero,352
2023,Rozalén,352
2023,Stoian,352
2023,Alva,351
2023,Couto,351
2023,Lorite,351
2023,San Pedro,351
2023,Benedicto,350
2023,Cal,349
2023,Landa,349
2023,Marinas,349
2023,Utrera,349
2023,Bastante,348
2023,Caamaño,348
2023,Cojocaru,348
2023,Moscoso,348
2023,Rollón,348
2023,Badea,347
2023,Da Costa,347
2023,Enache,347
2023,Petrov,347
2023,Berzosa,346
2023,Hueso,346
2023,Matarranz,346
2023,Morcuende,346
2023,Ferro,345
2023,Garijo,345
2023,Sarria,345
2023,Velilla,345
2023,Cabellos,344
2023,Cantón,344
2023,Corchero,344
2023,Gonçalves,344
2023,Olivo,344
2023,Pombo,344
2023,Quishpe,344
2023,Uddin,344
2023,Bernaldo De Quirós,343
2023,Gayoso,343
2023,Urdiales,343
2023,Alcivar,342
2023,Castañón,342
2023,Palancar,342
2023,Palazón,342
2023,Brasero,341
2023,Cecilia,341
2023,Roig,341
2023,Coll,340
2023,Figueras,340
2023,Fortes,340
2023,Higuero,340
2023,Rodado,340
2023,Torremocha,340
2023,Tudela,340
2023,Boza,339
2023,Cadena,339
2023,Hernaiz,339
2023,Mascaraque,339
2023,Shan,339
2023,Sopeña,339
2023,Torrero,339
2023,Conejero,338
2023,Suazo,338
2023,Adrados,337
2023,Calatayud,337
2023,Colado,337
2023,Dragomir,337
2023,Liñán,337
2023,Lizcano,337
2023,Arriola,336
2023,Bullido,336
2023,Écija,336
2023,Lera,336
2023,Llamazares,336
2023,Marian,336
2023,Olmedilla,336
2023,Casamayor,335
2023,Cuerva,335
2023,Escalada,335
2023,Jáuregui,335
2023,Paun,335
2023,Quilez,335
2023,Ribera,335
2023,Borras,334
2023,Porcel,334
2023,Adrián,333
2023,Lanchas,333
2023,Morais,333
2023,Mozos,333
2023,Preciado,333
2023,Tejado,333
2023,Utrero,333
2023,Vinagre,333
2023,Bosch,332
2023,Custodio,332
2023,Gañan,332
2023,Navalón,332
2023,Barcia,331
2023,Campoy,331
2023,Cediel,331
2023,Loayza,331
2023,Morejón,331
2023,Romeo,331
2023,Ruiperez,331
2023,Terrero,331
2023,Greciano,330
2023,Miah,330
2023,Morilla,330
2023,Torresano,330
2023,Viedma,330
2023,Agenjo,329
2023,Armada,329
2023,Bargueño,329
2023,Yébenes,329
2023,Criollo,328
2023,Villacorta,328
2023,Beneitez,327
2023,Calonge,327
2023,Garnacho,327
2023,Jacome,327
2023,Nistor,327
2023,Peris,327
2023,Rabanal,327
2023,Villacañas,327
2023,Begum,326
2023,Castellón,326
2023,Jaimes,326
2023,Madueño,326
2023,Moncayo,326
2023,Morente,326
2023,Pato,326
2023,Sotoca,326
2023,Filip,325
2023,Gasco,325
2023,Osma,325
2023,Pernas,325
2023,San Antonio,325
2023,Trigueros,325
2023,Villafranca,325
2023,Murga,324
2023,Vives,324
2023,Calin,323
2023,Huerga,323
2023,Ivan,323
2023,Lapeña,323
2023,Magdaleno,323
2023,Carrizo,322
2023,Gándara,322
2023,Macarro,322
2023,Montealegre,322
2023,Nguema,322
2023,Parrón,322
2023,Valerio,322
2023,Arenal,321
2023,Cádiz,321
2023,Cascales,321
2023,Justiniano,321
2023,Lungu,321
2023,Ocampos,321
2023,Pazmiño,321
2023,Sales,321
2023,Urrea,321
2023,Cambronero,320
2023,Giner,320
2023,Madero,320
2023,Riego,320
2023,Rollan,320
2023,Treviño,320
2023,Bernárdez,319
2023,Cerrillo,319
2023,Gavilanes,319
2023,Huamani,319
2023,Mancera,319
2023,Thomas,319
2023,Amat,318
2023,Bah,318
2023,Florián,318
2023,Gila,318
2023,Hipólito,318
2023,Lloret,318
2023,Vaz,318
2023,Villaseñor,318
2023,Garro,317
2023,Granja,317
2023,Junco,317
2023,Langa,317
2023,Padrino,317
2023,Rego,317
2023,Tobar,317
2023,Zaballos,317
2023,Fu,316
2023,Hermosa,316
2023,Iancu,316
2023,Irala,316
2023,Monasterio,316
2023,Mozas,316
2023,Rosu,315
2023,Chozas,314
2023,Macía,314
2023,Cancela,313
2023,Gómez Calcerrada,313
2023,Guio,313
2023,Huelves,313
2023,Ormeño,313
2023,Vigo,313
2023,Baltasar,312
2023,Cayuela,312
2023,Collazos,312
2023,Costea,312
2023,Doblado,312
2023,Fariña,312
2023,Muntean,312
2023,Piedrahita,312
2023,Reviejo,312
2023,Armero,311
2023,Barrasa,311
2023,Broncano,311
2023,Caja,311
2023,Cuartero,311
2023,Fermín,311
2023,Herrán,311
2023,Oro,311
2023,Pavel,311
2023,Piñas,311
2023,Puche,311
2023,Rafael,311
2023,Sesmero,311
2023,Alcobendas,310
2023,Arnanz,310
2023,Balsera,310
2023,Corpa,310
2023,Vicioso,310
2023,Baca,309
2023,Balboa,309
2023,Bardera,309
2023,Curto,309
2023,Grigore,309
2023,Oreja,309
2023,Pesquera,309
2023,Roche,309
2023,Simion,309
2023,Barona,308
2023,Cruces,308
2023,El Abdellaoui,308
2023,Miro,308
2023,Navío,308
2023,Taborda,308
2023,Torrez,308
2023,Yanes,308
2023,Andino,307
2023,Boto,307
2023,Durango,307
2023,Parrado,307
2023,Riofrio,307
2023,Arregui,306
2023,Espina,306
2023,Hussain,306
2023,Lacalle,306
2023,Luo,306
2023,Maillo,306
2023,San Millán,306
2023,Barbado,305
2023,Bas,305
2023,El Khamlichi,305
2023,Florido,305
2023,Juzgado,305
2023,Mesas,305
2023,Mulero,305
2023,Camarena,304
2023,Cidoncha,304
2023,Garnica,304
2023,Gea,304
2023,Gilabert,304
2023,Horcajuelo,304
2023,Moreda,304
2023,Mulas,304
2023,Posadas,304
2023,Saidi,304
2023,Torrego,304
2023,Varga,304
2023,Beato,303
2023,Campaña,303
2023,Henche,303
2023,Igual,303
2023,Jover,303
2023,Pabón,303
2023,Yela,303
2023,Benites,302
2023,Breton,302
2023,Lledó,302
2023,Racionero,302
2023,Voicu,302
2023,Coso,301
2023,Espadas,301
2023,Garde,301
2023,Robledano,301
2023,CAndía,300
2023,Collar,300
2023,Corraliza,300
2023,Negro,300
2023,Ortigosa,300
2023,Recalde,300
2023,Retuerta,300
2023,Yanguas,300
2023,Esono,299
2023,Jose,299
2023,Pulgarin,299
2023,Sereno,299
2023,Tapias,299
2023,Ledezma,298
2023,Moruno,298
2023,Partida,298
2023,Paul,298
2023,Pradas,298
2023,Villen,298
2023,Albarracín,297
2023,Boluda,297
2023,Borrero,297
2023,Dávalos,297
2023,El Mourabit,297
2023,Escobedo,297
2023,Mba,297
2023,Monteiro,297
2023,Calva,296
2023,Candil,296
2023,Corpas,296
2023,Dobre,296
2023,Eusebio,296
2023,Jorquera,296
2023,Marrón,296
2023,Montañés,296
2023,Neila,296
2023,Tendero,296
2023,Toscano,296
2023,Villasante,296
2023,Ossa,295
2023,Antoranz,294
2023,Armendáriz,294
2023,Huelamo,294
2023,Marino,294
2023,Ni,294
2023,Ogando,294
2023,Oña,294
2023,Ureta,294
2023,Alda,293
2023,Barcala,293
2023,Climent,293
2023,Orta,293
2023,Tardón,293
2023,Ventosa,293
2023,Benjumea,292
2023,Comino,292
2023,Mier,292
2023,Tarazona,292
2023,Briz,291
2023,El Amrani,291
2023,El Yousfi,291
2023,Garate,291
2023,Guirado,291
2023,Hormigos,291
2023,Labrado,291
2023,Malpartida,291
2023,Ontiveros,291
2023,Varo,291
2023,Villoria,291
2023,Avram,290
2023,Balaguer,290
2023,Grisales,290
2023,Peñalba,290
2023,Santisteban,290
2023,Soliz,290
2023,Albacete,289
2023,Bailón,289
2023,Candel,289
2023,Chavero,289
2023,Granada,289
2023,Gumiel,289
2023,Juanas,289
2023,Poma,289
2023,Wei,289
2023,Zuniga,289
2023,Múgica,288
2023,Obispo,288
2023,Rizo,287
2023,Tuñón,287
2023,Barra,286
2023,Bodega,286
2023,Chicote,286
2023,Guardado,286
2023,Lahoz,286
2023,Viloria,286
2023,Alexandru,285
2023,Cintas,285
2023,García Caro,285
2023,Goicoechea,285
2023,Guadaño,285
2023,Hornero,285
2023,Monjas,285
2023,Stancu,285
2023,Astorga,284
2023,Belloso,284
2023,Carneros,284
2023,Comendador,284
2023,Ignacio,284
2023,Nita,284
2023,Pichardo,284
2023,Platas,284
2023,Arauz,283
2023,Barrajon,283
2023,Cabero,283
2023,Cascon,283
2023,Jusdado,283
2023,Milán,283
2023,Orejón,283
2023,Orihuela,283
2023,Echeverri,282
2023,Garvia,282
2023,Mancha,282
2023,Paramio,282
2023,Provencio,282
2023,Ronda,282
2023,Sedeño,282
2023,Temprano,282
2023,Tituaña,282
2023,Triana,281
2023,Viso,281
2023,Alejandro,280
2023,Azcona,280
2023,Betancur,280
2023,Cabezudo,280
2023,Claudio,280
2023,Ladrón De Guevara,280
2023,Picado,280
2023,Salto,280
2023,Tarancón,280
2023,Alvear,279
2023,Canseco,279
2023,Cantalapiedra,279
2023,Encina,279
2023,Escolano,279
2023,Bogado,278
2023,Bogdan,278
2023,Castelo,278
2023,Diop,278
2023,Guan,278
2023,Jumbo,278
2023,Romanillos,278
2023,Salado,278
2023,Urdaneta,278
2023,Ardura,277
2023,Borrallo,277
2023,Calcerrada,277
2023,Enrique,277
2023,Ezquerra,277
2023,Rada,277
2023,Tang,277
2023,Traore,277
2023,Aceña,276
2023,Alfageme,276
2023,Balbas,276
2023,Guirao,276
2023,Lozoya,276
2023,Villaseca,276
2023,Mantecon,275
2023,Mercedes,275
2023,Palacin,275
2023,Retamosa,275
2023,Reyna,275
2023,Xie,275
2023,Aharram,274
2023,Carcamo,274
2023,Carmen,274
2023,Elizalde,274
2023,Escorial,274
2023,Mendy,274
2023,Sanjurjo,274
2023,Ventas,274
2023,Botero,273
2023,Cando,273
2023,Canorea,273
2023,Diz,273
2023,Gragera,273
2023,Manchón,273
2023,Sena,273
2023,Tato,273
2023,Yagüe,273
2023,Bocanegra,272
2023,Cabanas,272
2023,Castell,272
2023,Colon,272
2023,Dumitrescu,272
2023,Palomeque,272
2023,Petre,272
2023,Proaño,272
2023,Sempere,272
2023,Villacis,272
2023,Arrogante,271
2023,Asunción,271
2023,Mestre,271
2023,Raez,271
2023,San Frutos,271
2023,Verdasco,271
2023,Weng,271
2023,Aramburu,270
2023,Blandón,270
2023,Cabezuelo,270
2023,Deza,270
2023,Isidoro,270
2023,Meseguer,270
2023,Piriz,270
2023,Aristizabal,269
2023,Cuerda,269
2023,Du,269
2023,Ferrando,269
2023,Lemos,269
2023,Matey,269
2023,Tascon,269
2023,Ambite,268
2023,Artero,268
2023,Bermeo,268
2023,Cretu,268
2023,El Haddad,268
2023,Gancedo,268
2023,Pancorbo,268
2023,Ponte,268
2023,Ribagorda,268
2023,Rubiano,268
2023,Baciu,267
2023,Grajales,267
2023,Lacasa,267
2023,Marulanda,267
2023,Nolasco,267
2023,Prior,267
2023,Rodera,267
2023,Rosal,267
2023,Bascuñana,266
2023,Botello,266
2023,Lopera,266
2023,Mondragón,266
2023,Perucha,266
2023,Saravia,266
2023,Vallecillo,266
2023,Cañaveras,265
2023,Carabias,265
2023,Caravaca,265
2023,Cartagena,265
2023,Corcobado,265
2023,Jarabo,265
2023,Reino,265
2023,Torosio,265
2023,Viña,265
2023,Agreda,264
2023,Barron,264
2023,Calatrava,264
2023,Capitán,264
2023,Fontecha,264
2023,Garza,264
2023,Lira,264
2023,Madera,264
2023,Pujol,264
2023,Reche,264
2023,Adame,263
2023,Alvarenga,263
2023,Baro,263
2023,Doñoro,263
2023,Espinosa De Los Monteros,263
2023,Huidobro,263
2023,Llera,263
2023,Maradiaga,263
2023,Pacios,263
2023,Zaldívar,263
2023,Acebron,262
2023,Porto,262
2023,Retana,262
2023,Teresa,262
2023,Villaescusa,262
2023,Algora,261
2023,Asencio,261
2023,Barderas,261
2023,Bris,261
2023,Dos Anjos,261
2023,Ferrandiz,261
2023,Jerónimo,261
2023,Laín,261
2023,Ledo,261
2023,Madroñal,261
2023,Orrego,261
2023,Patricio,261
2023,Serena,261
2023,Zegarra,261
2023,Bañon,260
2023,Casquero,260
2023,Cereceda,260
2023,Dragan,260
2023,Honrado,260
2023,Varea,260
2023,Cóndor,259
2023,Doval,259
2023,Gullón,259
2023,Machín,259
2023,Tahiri,259
2023,Vivancos,259
2023,Akter,258
2023,Baonza,258
2023,Centenera,258
2023,Chamba,258
2023,Colman,258
2023,Draghici,258
2023,Iza,258
2023,Llanes,258
2023,Segui,258
2023,Tardío,258
2023,Alburquerque,257
2023,Cabrejas,257
2023,Centurión,257
2023,Chinarro,257
2023,Ferrandez,257
2023,Gamonal,257
2023,Horrillo,257
2023,Madruga,257
2023,ReboLledó,257
2023,Risquez,257
2023,Santano,257
2023,Valdeolivas,257
2023,Cabezón,256
2023,Cordobés,256
2023,Cubo,256
2023,Diezma,256
2023,Gascueña,256
2023,Olteanu,256
2023,Ordas,256
2023,Resa,256
2023,Ron,256
2023,Sirvent,256
2023,Valderas,256
2023,Valor,256
2023,Williams,256
2023,Batanero,255
2023,Corchado,255
2023,Geraldo,255
2023,Keita,255
2023,Pujols,255
2023,Ranera,255
2023,Ursu,255
2023,Uzcategui,255
2023,Castan,254
2023,Ferre,254
2023,Hontoria,254
2023,Intriago,254
2023,Silveira,254
2023,Crisan,253
2023,Manzanedo,253
2023,Nedelcu,253
2023,Ponce De León,253
2023,Alamillo,252
2023,Andrada,252
2023,Bielsa,252
2023,Caminero,252
2023,Colomer,252
2023,Diago,252
2023,Garcinuño,252
2023,Lastras,252
2023,Peñaloza,252
2023,Reynoso,252
2023,Rojano,252
2023,Viñuela,252
2023,Extremera,251
2023,Iacob,251
2023,Roy,251
2023,Tineo,251
2023,Villamil,251
2023,Alemany,250
2023,Burdalo,250
2023,Cumplido,250
2023,Melguizo,250
2023,Miguelañez,250
2023,Orduña,250
2023,Raso,250
2023,Sañudo,250
2023,Torrealba,250
2023,Viñuelas,250
2023,Gisbert,249
2023,Hristova,249
2023,Muzo,249
2023,Porta,249
2023,Regueiro,249
2023,Villajos,249
2023,Agulló,248
2023,Casanueva,248
2023,Dan,248
2023,Ferrari,248
2023,GarciMartín,248
2023,Gualoto,248
2023,Han,248
2023,Molpeceres,248
2023,Pando,248
2023,Reig,248
2023,Virseda,248
2023,Argudo,247
2023,Gay,247
2023,Manteca,247
2023,Zevallos,247
2023,Alberto,246
2023,Armesto,246
2023,Capote,246
2023,Manzanas,246
2023,Sigüenza,246
2023,Torrecillas,246
2023,Vilas,246
2023,Arnau,245
2023,Auñon,245
2023,Ausin,245
2023,Gonzálvez,245
2023,Marban,245
2023,Martíno,245
2023,Taveras,245
2023,Valarezo,245
2023,Bucur,244
2023,Lindo,244
2023,Moraru,244
2023,Orea,244
2023,Rol,244
2023,Salomón,244
2023,Adam,243
2023,Albu,243
2023,Balcázar,243
2023,Caldera,243
2023,Cela,243
2023,Chillón,243
2023,Lamela,243
2023,Leonardo,243
2023,Marroquín,243
2023,Montón,243
2023,Rotaru,243
2023,Sabater,243
2023,Bonillo,242
2023,Caba,242
2023,Fresnillo,242
2023,Lanzas,242
2023,Masso,242
2023,Paraschiv,242
2023,Ruan,242
2023,Vidales,242
2023,Ana,241
2023,Bueso,241
2023,Chavarri,241
2023,Corzo,241
2023,Hellín,241
2023,Johnson,241
2023,Nicolae,241
2023,Payo,241
2023,Teijeiro,241
2023,Barquín,240
2023,Berbel,240
2023,Garrosa,240
2023,Mendo,240
2023,Moneo,240
2023,Sirbu,240
2023,Tarín,240
2023,Tortajada,240
2023,Albendea,239
2023,Munilla,239
2023,Su,239
2023,Zou,239
2023,Albares,238
2023,Blesa,238
2023,Calzadilla,238
2023,Crego,238
2023,Loza,238
2023,Paula,238
2023,Pleite,238
2023,Sardinero,238
2023,Toader,238
2023,Ahmad,237
2023,Batalla,237
2023,Calvente,237
2023,Cobas,237
2023,Mazón,237
2023,Nikolova,237
2023,Segarra,237
2023,Terrazas,237
2023,Barcenilla,236
2023,Barriopedro,236
2023,Casla,236
2023,Corregidor,236
2023,Enamorado,236
2023,Hortal,236
2023,Insua,236
2023,Madariaga,236
2023,Mochales,236
2023,Moraleja,236
2023,Taipe,236
2023,Atance,235
2023,Balmaseda,235
2023,Brihuega,235
2023,Elices,235
2023,Feng,235
2023,García Moreno,235
2023,Hilario,235
2023,Lombardo,235
2023,Luzón,235
2023,Marcu,235
2023,Palao,235
2023,Pilar,235
2023,Santillana,235
2023,Tizón,235
2023,Valtierra,235
2023,Alberquilla,234
2023,Argueta,234
2023,Hristov,234
2023,Mori,234
2023,Nitu,234
2023,Pasamontes,234
2023,Butragueño,233
2023,Giraldez,233
2023,Lopesino,233
2023,Miñarro,233
2023,Rial,233
2023,Sesma,233
2023,Sordo,233
2023,Taco,233
2023,Todorov,233
2023,Xiang,233
2023,AHijón,232
2023,Altares,232
2023,Marchal,232
2023,Matellano,232
2023,Montañez,232
2023,Oteo,232
2023,Tallón,232
2023,Villamarin,232
2023,Bao,231
2023,El Haddouchi,231
2023,Fleitas,231
2023,Llana,231
2023,Mancilla,231
2023,Mao,231
2023,Marcelo,231
2023,Orive,231
2023,Zaharia,231
2023,Almonacid,230
2023,Barredo,230
2023,Graña,230
2023,Lamo,230
2023,Málaga,230
2023,Santaella,230
2023,Yao,230
2023,Casar,229
2023,Galicia,229
2023,Murciano,229
2023,Pereiro,229
2023,Sainero,229
2023,Vasileva,229
2023,Carril,228
2023,Feliu,228
2023,Lasheras,228
2023,Mariano,228
2023,Moure,228
2023,Badillo,227
2023,Cañamares,227
2023,Catena,227
2023,Chang,227
2023,Guachamin,227
2023,Masedo,227
2023,Porres,227
2023,Sacedo,227
2023,Zamudio,227
2023,Abanades,226
2023,Agramonte,226
2023,Artigas,226
2023,Guadalupe,226
2023,Munuera,226
2023,Oñoro,226
2023,Querol,226
2023,Villamor,226
2023,Villarroya,226
2023,Zapardiel,226
2023,Basanta,225
2023,Charro,225
2023,Mezquita,225
2023,Moliner,225
2023,Urbanos,225
2023,Villagra,225
2023,Ybarra,225
2023,Albertos,224
2023,Cerna,224
2023,Corella,224
2023,Inés,224
2023,Mateu,224
2023,Muller,224
2023,Navajas,224
2023,Riveiro,224
2023,Seijo,224
2023,Song,224
2023,Tordesillas,224
2023,Bárcenas,223
2023,Boada,223
2023,Celi,223
2023,Coria,223
2023,El Ouahabi,223
2023,Figueira,223
2023,Hincapié,223
2023,Macedo,223
2023,Rejas,223
2023,Aldama,222
2023,Burgo,222
2023,Cantador,222
2023,Cervigón,222
2023,Ciruelos,222
2023,Cotrina,222
2023,Mahillo,222
2023,Maseda,222
2023,Novella,222
2023,Pellicer,222
2023,Troncoso,222
2023,Almaraz,221
2023,Babiano,221
2023,Becerro,221
2023,Capellán,221
2023,Cossio,221
2023,Donate,221
2023,Echeverry,221
2023,Galdón,221
2023,Iborra,221
2023,Iruela,221
2023,Jones,221
2023,Privado,221
2023,Seisdedos,221
2023,Troyano,221
2023,Zuleta,221
2023,Bobadilla,220
2023,Cendrero,220
2023,Gata,220
2023,Guía,220
2023,Lapuente,220
2023,Robledillo,220
2023,Ruedas,220
2023,Suciu,220
2023,Villada,220
2023,Villamizar,220
2023,Zepeda,220
2023,Ambrona,219
2023,Ambrosio,219
2023,Bejerano,219
2023,Berlinches,219
2023,Cambero,219
2023,Cicuendez,219
2023,Costache,219
2023,Jodra,219
2023,Lazcano,219
2023,Mur,219
2023,Periañez,219
2023,Pingarrón,219
2023,Barriguete,218
2023,Bascones,218
2023,Cohen,218
2023,Congosto,218
2023,Eugenio,218
2023,Marfil,218
2023,Mero,218
2023,Peñuela,218
2023,Teso,218
2023,Varon,218
2023,Alejos,217
2023,Brown,217
2023,Chercoles,217
2023,Fermosel,217
2023,Luciano,217
2023,Monforte,217
2023,Pin,217
2023,Todorova,217
2023,Vasilev,217
2023,Burón,216
2023,Comas,216
2023,Damas,216
2023,Garoz,216
2023,Garvin,216
2023,Hong,216
2023,Menchen,216
2023,Mencías,216
2023,Rivadeneira,216
2023,Sole,216
2023,Valades,216
2023,Burillo,215
2023,Costas,215
2023,Gonzaga,215
2023,Jabonero,215
2023,Musat,215
2023,Neacsu,215
2023,Olazabal,215
2023,Perelló,215
2023,Suela,215
2023,Zavaleta,215
2023,Álava,214
2023,Arnal,214
2023,Caballo,214
2023,Casasola,214
2023,Grueso,214
2023,Mielgo,214
2023,Muhammad,214
2023,Pirvu,214
2023,Sande,214
2023,Sava,214
2023,Tierno,214
2023,Urda,214
2023,Agüero,213
2023,Armijo,213
2023,Baptista,213
2023,Esteso,213
2023,Faria,213
2023,Foronda,213
2023,Guillermo,213
2023,Martín Consuegra,213
2023,Mendizábal,213
2023,Mijares,213
2023,Monterroso,213
2023,Mula,213
2023,Reguilon,213
2023,Terrones,213
2023,Villalvilla,213
2023,Zarzuela,213
2023,Ziani,213
2023,Brizuela,212
2023,Chao,212
2023,Dai,212
2023,Liaño,212
2023,Miñano,212
2023,Mudarra,212
2023,Olano,212
2023,Paraíso,212
2023,Saldarriaga,212
2023,Tipan,212
2023,Cañón,211
2023,Carreira,211
2023,García Miguel,211
2023,Grosu,211
2023,Hervias,211
2023,Quintanar,211
2023,Sandin,211
2023,Simal,211
2023,Villarino,211
2023,Aceves,210
2023,Andía,210
2023,Colomina,210
2023,Correal,210
2023,Crisóstomo,210
2023,Elipe,210
2023,Gaitero,210
2023,Galeote,210
2023,García Consuegra,210
2023,Huecas,210
2023,Larrañaga,210
2023,Llorca,210
2023,Loriente,210
2023,Orbe,210
2023,Saceda,210
2023,Santín,210
2023,Camaño,209
2023,Estal,209
2023,Gómez Acebo,209
2023,Imedio,209
2023,Liang,209
2023,Pestaña,209
2023,Russo,209
2023,Senra,209
2023,Seseña,209
2023,Tobón,209
2023,Turégano,209
2023,Xue,209
2023,Adeva,208
2023,Ahumada,208
2023,Albán,208
2023,Añez,208
2023,Barriuso,208
2023,Canalejo,208
2023,Cardeñosa,208
2023,Gárgoles,208
2023,Ibrahimi,208
2023,Moise,208
2023,Munguía,208
2023,Navajo,208
2023,Ovalle,208
2023,Pillajo,208
2023,Ramajo,208
2023,Stoyanova,208
2023,Teba,208
2023,Alcantarilla,207
2023,Aracil,207
2023,Botas,207
2023,Buiza,207
2023,Carnerero,207
2023,Castañares,207
2023,Chorro,207
2023,Evangelista,207
2023,Ingelmo,207
2023,Marchan,207
2023,Portal,207
2023,Rubiales,207
2023,Sojo,207
2023,Tormo,207
2023,Zapico,207
2023,Botija,206
2023,Capa,206
2023,Carrasquilla,206
2023,Coba,206
2023,Corvillo,206
2023,Cremades,206
2023,Daganzo,206
2023,Descalzo,206
2023,Leguizamon,206
2023,Lois,206
2023,Miño,206
2023,Pacho,206
2023,Sutil,206
2023,Veloz,206
2023,Vilca,206
2023,Acha,205
2023,Achahbar,205
2023,Camps,205
2023,Cumbicus,205
2023,Fragoso,205
2023,Guitian,205
2023,Peng,205
2023,Sobrado,205
2023,Tavares,205
2023,Alberdi,204
2023,Alfonzo,204
2023,Algar,204
2023,Ballesta,204
2023,Bañuelos,204
2023,Echávarria,204
2023,Iturralde,204
2023,Loureiro,204
2023,Nica,204
2023,Riestra,204
2023,Rosca,204
2023,Baratas,203
2023,Barry,203
2023,Calvete,203
2023,Cañadillas,203
2023,Gilarranz,203
2023,Illera,203
2023,Oriol,203
2023,Oropeza,203
2023,Payan,203
2023,Sendin,203
2023,Vedia,203
2023,Villamar,203
2023,Bahamonde,202
2023,Barberán,202
2023,Barboza,202
2023,Brox,202
2023,Canalejas,202
2023,Linde,202
2023,Merayo,202
2023,Morote,202
2023,Orejuela,202
2023,Parrales,202
2023,Salhi,202
2023,Solar,202
2023,Usero,202
2023,Vicent,202
2023,Andrango,201
2023,Borrajo,201
2023,Collazo,201
2023,Jebari,201
2023,Mengual,201
2023,Mir,201
2023,Trejos,201
2023,VillaGómez,201
2023,Yerga,201
2023,Zulueta,201
2023,Aghmir,200
2023,Calvache,200
2023,Delgadillo,200
2023,Lucendo,200
2023,Mico,200
2023,Page,200
2023,Ribas,200
2023,Tavarez,200
2023,Valdepeñas,200
2023,Alises,199
2023,Cantillo,199
2023,Claver,199
2023,Durand,199
2023,Hergueta,199
2023,Hernaez,199
2023,Lechón,199
2023,Mediero,199
2023,Palenzuela,199
2023,Rayón,199
2023,Rentería,199
2023,Sotos,199
2023,Torroba,199
2023,Bengoechea,198
2023,Callejón,198
2023,El Messaoudi,198
2023,Espinel,198
2023,García Muñoz,198
2023,Iordan,198
2023,Lancha,198
2023,Mardomingo,198
2023,Padin,198
2023,Pomares,198
2023,Pompa,198
2023,Portugal,198
2023,Remesal,198
2023,Ronquillo,198
2023,Sevilleja,198
2023,Turcios,198
2023,Almenara,197
2023,Campa,197
2023,Cardaba,197
2023,Ciprian,197
2023,Donado,197
2023,Francia,197
2023,Guijo,197
2023,Hijosa,197
2023,Nogueras,197
2023,Obama,197
2023,San Vicente,197
2023,Sánchez Migallon,197
2023,Terol,197
2023,Tostado,197
2023,Urquijo,197
2023,Vilariño,197
2023,Wong,197
2023,Albornoz,196
2023,Arauzo,196
2023,Cazallas,196
2023,Dima,196
2023,Ferrón,196
2023,García Gil,196
2023,Ignat,196
2023,Inga,196
2023,Jaraíz,196
2023,Julia,196
2023,Mesón,196
2023,Rolon,196
2023,San Nicolás,196
2023,Soare,196
2023,Baldeón,195
2023,Baranda,195
2023,Chichón,195
2023,Covarrubias,195
2023,Fandiño,195
2023,Flecha,195
2023,Gueye,195
2023,Ligero,195
2023,Macas,195
2023,Maderuelo,195
2023,Peraza,195
2023,Remón,195
2023,Rius,195
2023,Segundo,195
2023,Stefanova,195
2023,Terres,195
2023,Vizoso,195
2023,Alaez,194
2023,Almoguera,194
2023,Calvillo,194
2023,Coulibaly,194
2023,Couso,194
2023,El Bakkali,194
2023,Martín Serrano,194
2023,Matamala,194
2023,Mihalache,194
2023,Miñambres,194
2023,Moriano,194
2023,Petcu,194
2023,Quinteros,194
2023,Asperilla,193
2023,Bardón,193
2023,Chueca,193
2023,Copado,193
2023,Cortázar,193
2023,El Yahyaoui,193
2023,Hueros,193
2023,Laserna,193
2023,Luaces,193
2023,Morate,193
2023,Palazuelos,193
2023,Parralejo,193
2023,Santiuste,193
2023,Valcarce,193
2023,Adames,192
2023,Arconada,192
2023,Blanes,192
2023,Carcelen,192
2023,Gudiño,192
2023,Loachamin,192
2023,Minguela,192
2023,Pana,192
2023,Porro,192
2023,Segoviano,192
2023,Agra,191
2023,Azcarate,191
2023,Coleto,191
2023,Fang,191
2023,Figuera,191
2023,Garmendia,191
2023,Olaru,191
2023,Pelegrin,191
2023,Santibañez,191
2023,Sarro,191
2023,Soleto,191
2023,Tavira,191
2023,Villasevil,191
2023,Campanero,190
2023,Castedo,190
2023,Collados,190
2023,Dumitrascu,190
2023,Florentin,190
2023,Goya,190
2023,Juste,190
2023,Luquero,190
2023,Micu,190
2023,Munera,190
2023,Pestana,190
2023,Sagredo,190
2023,Tafur,190
2023,Amrani,189
2023,Arcila,189
2023,Bernad,189
2023,Boyero,189
2023,Cachero,189
2023,Canelo,189
2023,Cañar,189
2023,Cisse,189
2023,Diaconu,189
2023,Fernández Montes,189
2023,Folgado,189
2023,García Navas,189
2023,Mercader,189
2023,Mina,189
2023,Nikolov,189
2023,Queipo,189
2023,Sahuquillo,189
2023,Saltos,189
2023,Villoslada,189
2023,Alam,188
2023,Asensi,188
2023,Cermeño,188
2023,Cernuda,188
2023,Dapena,188
2023,El Khattabi,188
2023,Hera,188
2023,Istrate,188
2023,Lagar,188
2023,Meca,188
2023,Mingorance,188
2023,Morell,188
2023,Nguyen,188
2023,Nikolaeva,188
2023,Olarte,188
2023,Paradela,188
2023,Poblete,188
2023,Sánchez Seco,188
2023,Segador,188
2023,Aarab,187
2023,Arriaza,187
2023,Avellaneda,187
2023,Braña,187
2023,Burbano,187
2023,Carrizosa,187
2023,Cosma,187
2023,Madrazo,187
2023,Marginean,187
2023,Martorell,187
2023,Mihaila,187
2023,Ocon,187
2023,Paino,187
2023,Rosello,187
2023,Urquiza,187
2023,Zabaleta,187
2023,Zerpa,187
2023,Archilla,186
2023,Bastos,186
2023,Daoudi,186
2023,Delicado,186
2023,Diarra,186
2023,Dumitrache,186
2023,Luz,186
2023,Piquero,186
2023,Turrion,186
2023,Ariño,185
2023,Cardiel,185
2023,Chapinal,185
2023,Grado,185
2023,Oporto,185
2023,Romojaro,185
2023,Valdivielso,185
2023,Veguillas,185
2023,Alias,184
2023,Anchuelo,184
2023,Budia,184
2023,Campillos,184
2023,Cesar,184
2023,Justicia,184
2023,Leonor,184
2023,Maíz,184
2023,Majano,184
2023,Nsue,184
2023,Ossorio,184
2023,Peregrina,184
2023,San Cristóbal,184
2023,Abalos,183
2023,Agundez,183
2023,Alaminos,183
2023,Bernaldez,183
2023,Berrios,183
2023,Beteta,183
2023,Cebolla,183
2023,Lario,183
2023,Merodio,183
2023,Nafria,183
2023,Ren,183
2023,Ronco,183
2023,Uceta,183
2023,Zea,183
2023,Abelló,182
2023,Amate,182
2023,Baquedano,182
2023,Bouzas,182
2023,Bullón,182
2023,Cajas,182
2023,Castells,182
2023,Castiñeira,182
2023,Condado,182
2023,Gouveia,182
2023,Hassan,182
2023,Juana,182
2023,Larriba,182
2023,Moltó,182
2023,Perlado,182
2023,Pillado,182
2023,Quilumba,182
2023,Vioque,182
2023,Apaza,181
2023,Arrojo,181
2023,Ayora,181
2023,Cadierno,181
2023,Calabria,181
2023,Cardo,181
2023,Chiriac,181
2023,Chocano,181
2023,Cota,181
2023,El Bannoudi,181
2023,Recuenco,181
2023,Romero De Ávila,181
2023,Santa Maria,181
2023,Tabasco,181
2023,Terciado,181
2023,Tito,181
2023,Alonzo,180
2023,Balde,180
2023,Cuba,180
2023,Dinca,180
2023,Esquivias,180
2023,Ibrahim,180
2023,Oropesa,180
2023,Paladines,180
2023,Poves,180
2023,Rello,180
2023,Rosco,180
2023,Urosa,180
2023,Villarin,180
2023,Zorzo,180
2023,Arenillas,179
2023,Barrull,179
2023,Beas,179
2023,Carral,179
2023,Chirila,179
2023,Ciria,179
2023,Da Cruz,179
2023,Espejel,179
2023,Laorden,179
2023,Malpica,179
2023,Manglano,179
2023,Oria,179
2023,Parga,179
2023,Pinero,179
2023,Piñuela,179
2023,Pisa,179
2023,Pizarroso,179
2023,Pontes,179
2023,Ruiz Díaz,179
2023,Sotillos,179
2023,Yordanov,179
2023,Zahonero,179
2023,Zeng,179
2023,Arbelaez,178
2023,Bermudo,178
2023,Cabañero,178
2023,Cerviño,178
2023,Cosano,178
2023,Dotor,178
2023,Ghita,178
2023,Lahera,178
2023,Loma,178
2023,Noya,178
2023,Nuñez De Arenas,178
2023,Roma,178
2023,Sabroso,178
2023,Sampayo,178
2023,Segado,178
2023,Villagran,178
2023,Aguera,177
2023,Bocos,177
2023,Cos,177
2023,Elez,177
2023,Gomis,177
2023,Haddad,177
2023,López Brea,177
2023,Panduro,177
2023,Poyato,177
2023,Ruiz De La Hermosa,177
2023,Sequeira,177
2023,Barbadillo,176
2023,Barja,176
2023,El Azzouzi,176
2023,Irimia,176
2023,Martín Caro,176
2023,Noguerales,176
2023,Pampliega,176
2023,Pedraz,176
2023,Shen,176
2023,Stoyanov,176
2023,Bedmar,175
2023,Fan,175
2023,García Gasco,175
2023,García Morato,175
2023,Gasca,175
2023,Medranda,175
2023,Mosqueda,175
2023,Narros,175
2023,Peromingo,175
2023,Vergel,175
2023,Andrades,174
2023,Badia,174
2023,Barbas,174
2023,Camero,174
2023,Fall,174
2023,Loarte,174
2023,Melendo,174
2023,Milara,174
2023,Molla,174
2023,Neyra,174
2023,País,174
2023,Palau,174
2023,Reñones,174
2023,Tamargo,174
2023,Vaduva,174
2023,Velo,174
2023,Ying,174
2023,Bakkali,173
2023,Barreira,173
2023,Bruna,173
2023,Chango,173
2023,Clares,173
2023,Lores,173
2023,Marzo,173
2023,Montalván,173
2023,Obiang,173
2023,Pagan,173
2023,Park,173
2023,Poderoso,173
2023,Pose,173
2023,Quiceno,173
2023,Sima,173
,Tacuri,173
,Andaluz,172
,Balsalobre,172
,Breña,172
,Buitrón,172
,Canosa,172
,Corro,172
,Gálea,172
,Ilieva,172
,Kaur,172
,Limones,172
,Moldoveanu,172
,Redruello,172
,Taravillo,172
,Villota,172
,Vivo,172
,Aylagas,171
,Bordas,171
,Cepero,171
,Croitoru,171
,El Mansouri,171
,Espi,171
,Fabra,171
,Gilsanz,171
,Goyanes,171
,Magdalena,171
,Primo,171
,Retamal,171
,Ricardo,171
,Sansegundo,171
,Selles,171
,Simo,171
,Turcu,171
,Urueña,171
,Aharchi,170
,Bracamonte,170
,Cataño,170
,Chowdhury,170
,Encalada,170
,Higes,170
,Jaraba,170
,Lasa,170
,Nascimento,170
,Navares,170
,Paya,170
,Popovici,170
,Castellote,169
,Cozma,169
,Español,169
,Montesino,169
,Pelaz,169
,Villatoro,169
,Borjas,168
,Bujan,168
,Marrupe,168
,Martel,168
,Neves,168
,Peñuelas,168
,Villafuerte,168
,Viveros,168
,Wilson,168
,Adrada,167
,Aguinaga,167
,Arancibia,167
,Benalcázar,167
,Cañedo,167
,Cerdeño,167
,Dolado,167
,Elorza,167
,Esteves,167
,HernanGómez,167
,Iliev,167
,Jambrina,167
,Martín De Vidales,167
,Moralejo,167
,Najarro,167
,Peribañez,167
,Quilon,167
,Sánchez Beato,167
,Sardón,167
,Vallina,167
,Aza,166
,Banda,166
,Basurto,166
,Belhadj,166
,Ben,166
,Candelario,166
,Cuñado,166
,Esperanza,166
,Farinango,166
,Ibeas,166
,Lorenzana,166
,Negru,166
,Olivan,166
,Paredero,166
,Pasero,166
,Saco,166
,Soblechero,166
,Apolo,165
,Bombin,165
,Calzón,165
,Cuena,165
,Denche,165
,Ghailan,165
,Iranzo,165
,Leandro,165
,Machicado,165
,Manero,165
,Motta,165
,Setien,165
,Villacres,165
,Viteri,165
,Abejón,164
,Álvarez De Toledo,164
,Angelova,164
,BarAndíaran,164
,Bellver,164
,El Ayadi,164
,Fayos,164
,Gibaja,164
,Herencia,164
,Lerin,164
,Petrescu,164
,Royuela,164
,Santurde,164
,Segurado,164
,Tadeo,164
,Tavera,164
,Tores,164
,Yordanova,164
,Basilio,163
,Beriguete,163
,Bustillos,163
,Celemín,163
,Collada,163
,Corte,163
,Estacio,163
,Honrubia,163
,Nastase,163
,Nikolaev,163
,Nogues,163
,Paiva,163
,Pedreira,163
,Peño,163
,Portugués,163
,Veloso,163
,Aybar,162
,Bahon,162
,Bazo,162
,Berges,162
,Cañadilla,162
,Colombo,162
,Corcuera,162
,Echegaray,162
,García Mochales,162
,Huguet,162
,Lahuerta,162
,Montoto,162
,Navascues,162
,Oltean,162
,Orte,162
,Ovelar,162
,Ramírez De Arellano,162
,Remacha,162
,Severino,162
,Silvero,162
,Sueiro,162
,Taylor,162
,Tejeiro,162
,Yelmo,162
,Arroyave,161
,Batuecas,161
,Carceller,161
,Estupiñán,161
,Grecu,161
,Hasan,161
,Macarrón,161
,Mari,161
,Merchante,161
,Ojea,161
,Pascu,161
,Patrascu,161
,Sow,161
,Tamarit,161
,Ugalde,161
,Vita,161
,Alexe,160
,Ballano,160
,Bóveda,160
,Cabra,160
,Florentino,160
,Formoso,160
,Herguedas,160
,Larrosa,160
,Lezama,160
,Lombardía,160
,Magallanes,160
,Mazario,160
,Pedregosa,160
,Pezuela,160
,Veras,160
,Aliseda,159
,Barrilero,159
,Canora,159
,Cayetano,159
,Cejas,159
,Clavería,159
,Coelho,159
,Doblas,159
,Fuentetaja,159
,Gato,159
,Kone,159
,Lovera,159
,Martín Albo,159
,Ore,159
,Ortin,159
,Ovando,159
,Padial,159
,Palop,159
,Quinto,159
,Rea,159
,Risueño,159
,Zamarro,159
,Zamfir,159
,Alarcos,158
,Algarra,158
,Buenache,158
,Carbajosa,158
,Cárceles,158
,Devesa,158
,Durante,158
,Fenoy,158
,Garrigos,158
,Gazquez,158
,Gismera,158
,Lacatus,158
,Larena,158
,Liceras,158
,Lizárraga,158
,Llumiquinga,158
,Ostos,158
,Puyol,158
,Saa,158
,Sánchez Camacho,158
,Tarjuelo,158
,Tolentino,158
,Torio,158
,Barrueco,157
,Bracho,157
,Cenamor,157
,Lesmes,157
,Navazo,157
,Perrino,157
,San Felipe,157
,San Julián,157
,Sangrador,157
,Solarte,157
,Truchado,157
,Almela,156
,Azofra,156
,Azorín,156
,Banderas,156
,Colque,156
,Echanove,156
,Echávarri,156
,Francos,156
,Huanca,156
,MUrías,156
,Palero,156
,Príncipe,156
,Sabio,156
,Verbo,156
,Villas,156
,Abia,155
,Anes,155
,Araya,155
,Bella,155
,Buil,155
,Casals,155
,Constantinescu,155
,Costales,155
,Dompablo,155
,Ela,155
,Fanjul,155
,Fuenmayor,155
,Gómez Del Pulgar,155
,Hinojal,155
,Marinescu,155
,Marinova,155
,Miras,155
,Noreña,155
,Pua,155
,Toril,155
,Trujillano,155
,Abuin,154
,Belvis,154
,Cabal,154
,Estefanía,154
,Feo,154
,Galdeano,154
,García Calvo,154
,García Morales,154
,Hebrero,154
,Jorda,154
,Lebrero,154
,Levy,154
,Malave,154
,Martín Romo,154
,Morago,154
,Robleño,154
,Sánchez De León,154
,Seguido,154
,Vos,154
,Aldaz,153
,Altozano,153
,Aranguez,153
,Asin,153
,Bordallo,153
,Faura,153
,Grados,153
,Guadalix,153
,Guarnizo,153
,La Rosa,153
,Oller,153
,Ordoño,153
,Orejas,153
,Polonio,153
,Portales,153
,Saboya,153
,Sarrión,153
,Solares,153
,Uña,153
,Almanzar,152
,Almarcha,152
,Bescos,152
,Bretones,152
,Capel,152
,Chentouf,152
,Condes,152
,Ferez,152
,Gómez Escalonilla,152
,Jañez,152
,Labrada,152
,Manole,152
,Miller,152
,Pedrera,152
,Reques,152
,Sejas,152
,Sendino,152
,Stefanov,152
,Urban,152
,Valdiviezo,152
,Vinueza,152
,Zeballos,152
,Zornoza,152
,Agraz,151
,Arnedo,151
,Barca,151
,Benegas,151
,Bouza,151
,Bratu,151
,Cercas,151
,Folguera,151
,Hurtado De Mendoza,151
,Navia,151
,Recas,151
,Retamar,151
,Santaolalla,151
,Sardina,151
,Silverio,151
,Tupiza,151
,Zarzalejo,151
,Ascanio,150
,Britos,150
,Cabornero,150
,Cañeque,150
,Cobeña,150
,Codina,150
,Colilla,150
,Gama,150
,Horra,150
,Lagares,150
,Monterde,150
,Peón,150
,Quejido,150
,Ramal,150
,Rosón,150
,Sanchiz,150
,Tolosa,150
,Viton,150
,Alférez,149
,Angelov,149
,Ardelean,149
,Cancio,149
,Capón,149
,Cembellin,149
,Cercadillo,149
,Cesteros,149
,Cobián,149
,Colinas,149
,Córcoles,149
,Danciu,149
,Delso,149
,Georgescu,149
,Gerónimo,149
,Güemes,149
,Herruzo,149
,Huescar,149
,Iqbal,149
,Lluch,149
,Maturana,149
,Melcon,149
,Montes De Oca,149
,Morín,149
,Nagy,149
,Navalpotro,149
,Navidad,149
,Pila,149
,Santalla,149
,Soldevilla,149
,Tamas,149
,Tanarro,149
,Abanto,148
,Alderete,148
,Artalejo,148
,Azabal,148
,Contento,148
,Dopico,148
,Estigarribia,148
,Fernández De Córdoba,148
,Fuerte,148
,Gudiel,148
,Horna,148
,Las Heras,148
,Novalbos,148
,Peñalva,148
,Perdices,148
,Radulescu,148
,Saguar,148
,Saldivar,148
,Teno,148
,Toure,148
,Uzquiano,148
,Almada,147
,Artacho,147
,Berrón,147
,Bordón,147
,Eguia,147
,Escarpa,147
,Guitart,147
,Isasi,147
,Isaza,147
,Lianes,147
,Lirio,147
,Maciel,147
,Migallon,147
,Minguito,147
,Paradinas,147
,Petit,147
,Reis,147
,Repiso,147
,Sánchez Crespo,147
,Viuda,147
,Alique,146
,Balandin,146
,Baos,146
,Bazaga,146
,Bruña,146
,Capdevila,146
,Clemares,146
,Cosin,146
,Cucu,146
,Ferreyra,146
,Garcete,146
,García Abad,146
,Garriga,146
,Hernansanz,146
,Hinostroza,146
,Joya,146
,Laredo,146
,Matellanes,146
,Olvera,146
,Organista,146
,Parla,146
,Pérez Cejuela,146
,Rebato,146
,Zhuang,146
,Benavent,145
,Borda,145
,Borrell,145
,Bujalance,145
,Calviño,145
,Erustes,145
,Galache,145
,Ispas,145
,Lino,145
,Menacho,145
,Nina,145
,Nozal,145
,O,145
,Ochando,145
,Oltra,145
,Pulupa,145
,Quito,145
,Regueira,145
,Sidibe,145
,Tevar,145
,Azañedo,144
,Carramolino,144
,Ciocan,144
,Cosme,144
,Daniel,144
,Feraru,144
,Gandía,144
,Gavrila,144
,Guerreiro,144
,Herrada,144
,López Serrano,144
,Mendaña,144
,Narro,144
,Pardillo,144
,Samueza,144
,Sanromán,144
,Torvisco,144
,Andreo,143
,Basagoiti,143
,Baselga,143
,Benamar,143
,Bonifacio,143
,Chana,143
,Dorrego,143
,Echenique,143
,Jardón,143
,Maidana,143
,Moratinos,143
,Pardos,143
,Porrero,143
,Quinde,143
,Recarte,143
,Sabido,143
,Tarifa,143
,Viñambres,143
,Abengozar,142
,Albero,142
,Alcoceba,142
,Barbudo,142
,Benaissa,142
,Caravantes,142
,Celaya,142
,Cerdeira,142
,Chapa,142
,Cob,142
,Dotel,142
,Enjuto,142
,Escanciano,142
,Galdo,142
,García De Marina,142
,Gormaz,142
,Graterol,142
,Herreruela,142
,Liao,142
,Luceño,142
,Matia,142
,Niculae,142
,Pedreño,142
,Rata,142
,Rengel,142
,Shao,142
,Stroe,142
,Visan,142
,Almanza,141
,Antunes,141
,Arcediano,141
,Bañares,141
,Cañibano,141
,Chirita,141
,Corbalán,141
,Cotillas,141
,Gigante,141
,Justel,141
,Lerena,141
,Lincango,141
,Olivero,141
,Pilco,141
,Puñal,141
,Rosso,141
,Sánchez Arévalo,141
,Serrada,141
,Valdenebro,141
,Valeriano,141
,Abarkan,140
,Azuaje,140
,Borge,140
,Cantera,140
,Castaños,140
,Gurung,140
,Hoya,140
,Leganés,140
,Meroño,140
,Monfort,140
,Moragon,140
,Paco,140
,Planas,140
,Pontón,140
,Razola,140
,Rogel,140
,Ruiz Valdepeñas,140
,Seck,140
,Tudorache,140
,Vicens,140
,Beneyto,139
,Boix,139
,Cachón,139
,Coque,139
,Cordeiro,139
,Cui,139
,Diakite,139
,Díaz Pavón,139
,Escabias,139
,Garzas,139
,Grajera,139
,Manolache,139
,Molinera,139
,Moussaoui,139
,Oses,139
,Pagés,139
,Planelles,139
,Prat,139
,Senovilla,139
,Thompson,139
,Vasconez,139
,Albujar,138
,Borrachero,138
,Bru,138
,Caldas,138
,Carrascoso,138
,Comín,138
,Cubillos,138
,Escaño,138
,Fabre,138
,Huertes,138
,Insfran,138
,Jacinto,138
,Martín Maestro,138
,Melián,138
,Meyer,138
,Mojica,138
,Moracho,138
,Moronta,138
,Nacarino,138
,Noblejas,138
,Pellón,138
,Puma,138
,Ramallo,138
,Rodilla,138
,Rufián,138
,Samadi,138
,Stitou,138
,Vellisca,138
,Zhong,138
,Alocen,137
,Azores,137
,Blanch,137
,Brunete,137
,Calvin,137
,Cazalla,137
,Escuredo,137
,Gamazo,137
,Jarrín,137
,Magariño,137
,Montesdeoca,137
,Ontoria,137
,Pavía,137
,Pequeño,137
,Piera,137
,Pincay,137
,Poncela,137
,Pricop,137
,Romon,137
,Savu,137
,Usano,137
,Vales,137
,Vivero,137
,Arizmendi,136
,Bricio,136
,Cajamarca,136
,Chamón,136
,Do Nascimento,136
,Domecq,136
,El Yaakoubi,136
,Escamez,136
,Frade,136
,Irigoyen,136
,Iturbe,136
,Lavilla,136
,LuzUríaga,136
,Morano,136
,Moros,136
,Ortiz De Zarate,136
,Paniego,136
,Punzón,136
,Ranchal,136
,Sánchez Pascuala,136
,Santamarina,136
,Santamarta,136
,Santoyo,136
,Velastegui,136
,Verdesoto,136
,Amago,135
,Bolado,135
,Bringas,135
,Burga,135
,Cosmen,135
,Díaz Tendero,135
,Dragu,135
,Duce,135
,El Asri,135
,Fontána,135
,Fretes,135
,Gavidia,135
,Loyola,135
,Mircea,135
,Pesquero,135
,Piñón,135
,Poyo,135
,Torreblanca,135
,Touil,135
,Vía,135
,Algovia,134
,Anca,134
,Barranquero,134
,Berrueco,134
,Biosca,134
,Burlacu,134
,Calzas,134
,Canencia,134
,Cieza,134
,Company,134
,Copa,134
,Costumero,134
,Ferrán,134
,Garrudo,134
,Lagunas,134
,Mansouri,134
,Mohammad,134
,Montemayor,134
,Naval,134
,Pardal,134
,Pecos,134
,Petkov,134
,Potenciano,134
,Rasero,134
,Rouco,134
,Santero,134
,Terradillos,134
,Traba,134
,Ushiña,134
,Agua,133
,Aires,133
,Arjonilla,133
,Atanasova,133
,Berjano,133
,Cachinero,133
,Cadavid,133
,Caridad,133
,Cenalmor,133
,Chivato,133
,Cuaresma,133
,Díaz Meco,133
,Espeso,133
,Fares,133
,Guacollante,133
,Lérida,133
,Magaz,133
,Mariblanca,133
,Nuez,133
,Oter,133
,Pacha,133
,Petkova,133
,Pilatuña,133
,Ruibal,133
,Rujas,133
,San Pablo,133
,Sillero,133
,Useros,133
,Venero,133
,Viñuales,133
,Acedos,132
,Azevedo,132
,Beleña,132
,Bengoa,132
,Bollo,132
,Brotons,132
,Carbo,132
,Ceacero,132
,Celestino,132
,Cortizo,132
,Danila,132
,Echaniz,132
,Gargallo,132
,Herce,132
,Lobera,132
,Mauricio,132
,Militaru,132
,Peralbo,132
,Piñar,132
,Rabago,132
,Rocamora,132
,San Emeterio,132
,Silgado,132
,Vas,132
,Vieco,132
,Vítores,132
,Aladro,131
,Bastardo,131
,Beamonte,131
,Belmar,131
,Bucero,131
,Cabezuela,131
,Castresana,131
,Dascalu,131
,Dones,131
,Haba,131
,Iribarren,131
,Jimena,131
,Mengibar,131
,Moriche,131
,Quintela,131
,Richart,131
,Roso,131
,Saelices,131
,Sánchez De La Nieta,131
,Solla,131
,Urrego,131
,Verastegui,131
,Yaguez,131
,Artiaga,130
,Barato,130
,Borondo,130
,Briongos,130
,Campoamor,130
,Caselles,130
,Crispin,130
,Cuerdo,130
,García Prieto,130
,Gras,130
,Henares,130
,Mallen,130
,Marinov,130
,Montojo,130
,Oyola,130
,Palos,130
,Pedrazuela,130
,Reales,130
,Rodrigalvarez,130
,Romay,130
,Urquia,130
,Azaña,129
,Bedia,129
,Bianchi,129
,Capelo,129
,Carcedo,129
,Chumillas,129
,Corbella,129
,Díaz Flores,129
,Dual,129
,Elola,129
,Fernández Caballero,129
,Guillamón,129
,Jaudenes,129
,King,129
,Miquel,129
,Moga,129
,Mostaza,129
,Omaña,129
,Onieva,129
,Orue,129
,Ovalles,129
,Rogero,129
,Sahagún,129
,Sans,129
,Tur,129
,Amorin,128
,Arráez,128
,Barrenechea,128
,Campayo,128
,Canas,128
,Carralón,128
,Castuera,128
,Cazacu,128
,Cirujano,128
,Ding,128
,Esgueva,128
,Florín,128
,Fominaya,128
,Guindal,128
,Hontanilla,128
,Lantigua,128
,Lescano,128
,Marmolejo,128
,Melón,128
,Melones,128
,Peinador,128
,Plazas,128
,Rizzo,128
,Salvadores,128
,Sendra,128
,Tomala,128
,Turiel,128
,Apóstol,127
,Balsa,127
,Baño,127
,Bardales,127
,Blaya,127
,Bota,127
,Brenes,127
,Buenaño,127
,Calix,127
,Cañero,127
,Celdrán,127
,Cervero,127
,Coco,127
,Ferri,127
,Filgueira,127
,Guillo,127
,Hijón,127
,Ingles,127
,Liberal,127
,Margarit,127
,Mendivil,127
,Michel,127
,Mouriño,127
,Oancea,127
,Pomar,127
,Portocarrero,127
,Prida,127
,Rubiato,127
,Santolaya,127
,Villacieros,127
,Zarzuelo,127
,Zubillaga,127
,Arrebola,126
,Bensaid,126
,Borrega,126
,Denis,126
,Díaz Cano,126
,Dos Reis,126
,Escalonilla,126
,Fournier,126
,Gabarrón,126
,Gargantilla,126
,Gastón,126
,Guerras,126
,Jia,126
,Karim,126
,Labajos,126
,Ladero,126
,Legido,126
,Mangue,126
,Manzanera,126
,Mostajo,126
,Muiña,126
,Pinta,126
,Rebollar,126
,Sota,126
,Tamames,126
,Velazco,126
,Xiao,126
,Yaguana,126
,Zurro,126
,Alcoba,125
,Algara,125
,Ara,125
,Ba,125
,Barreras,125
,Berna,125
,Brun,125
,Camba,125
,Caramés,125
,Cascos,125
,Cases,125
,Cuartas,125
,Fiallos,125
,Gamiz,125
,Gavira,125
,Grigoras,125
,Herencias,125
,Jaquez,125
,Jarque,125
,Massa,125
,Penalva,125
,Reoyo,125
,Rubira,125
,Sanguña,125
,Turienzo,125
,Vizcaya,125
,Yuan,125
,Zubizarreta,125
,Achim,124
,Alfaya,124
,Balseiro,124
,Barrachina,124
,Barro,124
,Ben Ali,124
,Benomar,124
,Bermúdez De Castro,124
,Boboc,124
,Burcea,124
,Cuero,124
,Dura,124
,Falco,124
,Falero,124
,García Rojo,124
,Gigorro,124
,Golderos,124
,Hombrados,124
,Horno,124
,Ichim,124
,Igualada,124
,Julca,124
,Longo,124
,Madroñero,124
,Melnyk,124
,Movilla,124
,Pedregal,124
,Robinson,124
,Sánchez De La Blanca,124
,Toca,124
,Urgel,124
,Vicuña,124
,Vilanova,124
,Angelina,123
,Aymerich,123
,Beamud,123
,Berlanas,123
,Campano,123
,Civantos,123
,Crespillo,123
,Cuño,123
,El Yakoubi,123
,Falagan,123
,Fofana,123
,García Ochoa,123
,Llinas,123
,Luelmo,123
,Maier,123
,Masero,123
,Melgares,123
,Muñoz Reja,123
,Sagrado,123
,Saro,123
,Alsina,122
,Ampudia,122
,Arance,122
,Artola,122
,Badajoz,122
,Bolaño,122
,Buenestado,122
,Carballido,122
,Fábregas,122
,Fernando,122
,Freites,122
,Goizueta,122
,González De La Aleja,122
,Herreras,122
,Jaro,122
,Kumar,122
,Lambea,122
,Leiro,122
,Magalhaes,122
,Mateus,122
,Menjivar,122
,Narbona,122
,Osorto,122
,Pellitero,122
,Perezagua,122
,Perucho,122
,Puras,122
,Rull,122
,Schmidt,122
,Solomon,122
,Toloba,122
,Torquemada,122
,Trochez,122
,Akdi,121
,Aoulad,121
,Bel,121
,Colindres,121
,Domene,121
,Feria,121
,Galindez,121
,Gorgojo,121
,Horta,121
,Iparraguirre,121
,Jalón,121
,Leva,121
,Lobón,121
,Machio,121
,Machón,121
,Mesías,121
,Montano,121
,Muga,121
,Ozores,121
,Palmeiro,121
,Polvorinos,121
,Pou,121
,Prades,121
,Qi,121
,Rastrollo,121
,Reategui,121
,Rozo,121
,Salso,121
,Talavan,121
,Vado,121
,Ventero,121
,Zuazo,121
,Abades,120
,Adanez,120
,Albo,120
,Alvez,120
,Antezana,120
,Bajaña,120
,Blanc,120
,Carballal,120
,Cezon,120
,Diaw,120
,El Harrak,120
,Familia,120
,Furio,120
,García Conde,120
,Gilgado,120
,Guil,120
,Huedo,120
,Ioan,120
,Leira,120
,Malla,120
,Marijuan,120
,Pampanas,120
,Perianes,120
,Petisco,120
,Regadera,120
,Rejón,120
,Sabogal,120
,Sánchez De Rojas,120
,Tan,120
,Tobajas,120
,Toldos,120
,Uriel,120
,Valdeavero,120
,Walker,120
,White,120
,Zubieta,120
,Arnaldo,119
,Baile,119
,Bergaz,119
,Bono,119
,Burgaleta,119
,Carrillo De Albornoz,119
,Cortecero,119
,Escriba,119
,Gomáriz,119
,Lorden,119
,Losana,119
,Maroñas,119
,Mihalcea,119
,Modrego,119
,Mohammed,119
,Monago,119
,Patrón,119
,Pollan,119
,Ratón,119
,Remiro,119
,Reneses,119
,Rodríguez Barbero,119
,Rubín,119
,Sas,119
,Seminario,119
,Trancón,119
,Urraca,119
,Wen,119
,Yagual,119
,Alberti,118
,Amezcua,118
,Anchundia,118
,Antolinez,118
,Cambra,118
,Carneiro,118
,Cartas,118
,Choi,118
,Dimas,118
,El Morabit,118
,El Youssfi,118
,Entero,118
,Espinos,118
,Figueiredo,118
,Hormigo,118
,Hornillos,118
,Iscar,118
,Krasimirova,118
,Lafriakh,118
,Lamparero,118
,Laura,118
,Macovei,118
,Ochaita,118
,Orts,118
,Pedroso,118
,Poblador,118
,Raducanu,118
,Sabando,118
,Salan,118
,Soltero,118
,Sualdea,118
,Torán,118
,Tribaldos,118
,Aisa,117
,Alayo,117
,Amezquita,117
,Angarita,117
,Antoñanzas,117
,Benslaiman,117
,Caz,117
,Chuquimarca,117
,Costin,117
,Escrivá De Romaní,117
,Gete,117
,Griñán,117
,Herbas,117
,Illanes,117
,Julio,117
,Letón,117
,Lunar,117
,Naya,117
,Negrea,117
,Negrillo,117
,Revelo,117
,Revuelto,117
,Ribes,117
,Riol,117
,Rosendo,117
,Ruiz De Velasco,117
,Solanas,117
,Tomico,117
,Vasallo,117
,Vieja,117
,Alos,116
,Andradas,116
,Avello,116
,Cabana,116
,Cana,116
,Cirilo,116
,Dato,116
,Díaz Del Rio,116
,Gandarillas,116
,Garre,116
,Gómez Lobo,116
,Gosalvez,116
,Guedes,116
,Hipola,116
,Hortiguela,116
,Ivascu,116
,Lamana,116
,Lantero,116
,Malmierca,116
,Manzanal,116
,Nechita,116
,Pinos,116
,Quisilema,116
,Remedios,116
,Sánchez Cabezudo,116
,Sauceda,116
,Serantes,116
,Testillano,116
,Victor,116
,Vintila,116
,Zuloaga,116
,Acebo,115
,Alfonsín,115
,Anderson,115
,Arañón,115
,Baltanas,115
,Benedi,115
,Berdasco,115
,Besteiro,115
,Boyano,115
,Buesa,115
,Campelo,115
,Canela,115
,Cillero,115
,Claro,115
,Corcho,115
,Cortezón,115
,Davis,115
,Doral,115
,Fernández Tostado,115
,Fortea,115
,Garvi,115
,Huertos,115
,John,115
,Lallana,115
,Landaeta,115
,Lorrio,115
,Martín Del Campo,115
,Meana,115
,Merlos,115
,Molins,115
,Morar,115
,Moriana,115
,Negrín,115
,Peredo,115
,Santoro,115
,Simoes,115
,Solas,115
,Tartalo,115
,Villaluenga,115
,Alcojor,114
,Alen,114
,Azuara,114
,Badiola,114
,Baladrón,114
,Barbolla,114
,Bardaji,114
,Bau,114
,Brañas,114
,Carballeira,114
,Cogollo,114
,Dubon,114
,Farelo,114
,Felices,114
,Fernández De La Puebla,114
,García De La Rosa,114
,Gheorghita,114
,Guanoluisa,114
,Jacob,114
,Jadraque,114
,Leonte,114
,Liriano,114
,Llaneza,114
,Loscos,114
,Males,114
,Manjavacas,114
,Marta,114
,Masia,114
,Ontaneda,114
,Piquer,114
,Riascos,114
,Roberts,114
,Rodríguez Rey,114
,Suquillo,114
,Torcal,114
,Trincado,114
,Trompeta,114
,Useche,114
,Zarcero,114
,Abakhti,113
,Almeda,113
,Andueza,113
,Azzouz,113
,Borque,113
,Burgoa,113
,Canelada,113
,Cimadevilla,113
,Cuadrillero,113
,Díaz Del Campo,113
,Domingues,113
,Ferriz,113
,Ferrufino,113
,Fuentenebro,113
,Gómez Pimpollo,113
,Idrissi,113
,Landaburu,113
,Mustafá,113
,Olcina,113
,Oquendo,113
,Pardo De Santayana,113
,Pedroviejo,113
,Perozo,113
,Pol,113
,Tobaruela,113
,Vallez,113
,Valtueña,113
,Zamarra,113
,Abbas,112
,Alfayate,112
,Antuña,112
,Arnao,112
,Arsuaga,112
,Arteche,112
,Berrendero,112
,Bugallo,112
,Camilo,112
,Cantelar,112
,Cañaveral,112
,Cayon,112
,Centellas,112
,Diestro,112
,Eguiluz,112
,Fradejas,112
,Fructuoso,112
,Gomara,112
,Herrezuelo,112
,Iraola,112
,Jarquín,112
,Lai,112
,Masache,112
,Mateos Aparicio,112
,Organero,112
,Perandones,112
,Ragel,112
,Reparaz,112
,Salgueiro,112
,Satrustegui,112
,Sbai,112
,Sorribas,112
,Suñer,112
,Villalva,112
,Zancajo,112
,Arostegui,111
,Balderrama,111
,Barraza,111
,Borisova,111
,Cutillas,111
,Daimiel,111
,Devia,111
,Dorta,111
,Echarri,111
,Garbayo,111
,García Fraile,111
,Guilarte,111
,Iturriaga,111
,Lacruz,111
,Lebrato,111
,Loja,111
,Madroño,111
,Marzal,111
,Megino,111
,Monteserin,111
,Morinigo,111
,Palomera,111
,Portoles,111
,Pulpon,111
,Quemada,111
,Sánchez Horneros,111
,Tostón,111
,Villafruela,111
,Almirón,110
,Arevalillo,110
,Atanasov,110
,Bandera,110
,Barradas,110
,Cabadas,110
,Campon,110
,Cardador,110
,Cerrajero,110
,Constantino,110
,Corea,110
,Edo,110
,Embid,110
,Espuela,110
,Essaddiki,110
,Familiar,110
,Fernández Hijicos,110
,Galarraga,110
,García Vaquero,110
,Kirilov,110
,Lanuza,110
,Laverde,110
,Llado,110
,Mazariegos,110
,Nicula,110
,Obeso,110
,Paduraru,110
,Pradana,110
,Qin,110
,Sada,110
,Samperio,110
,Samudio,110
,Suanzes,110
,Terreros,110
,Tristán,110
,Urbaez,110
,Velardo,110
,Villalonga,110
,Visedo,110
,Zurrón,110
,Ahidar,109
,Alberola,109
,Almorox,109
,Azpeitia,109
,Baque,109
,Barriocanal,109
,Bezos,109
,Biedma,109
,Callado,109
,Carreto,109
,Carretón,109
,Cores,109
,Cova,109
,Dragoi,109
,Estela,109
,Galve,109
,García Villaraco,109
,Girones,109
,Gualda,109
,Horche,109
,Imaz,109
,Kamal,109
,Kelly,109
,Konate,109
,Lence,109
,Maftei,109
,Malo De Molina,109
,Miravalles,109
,Moisa,109
,Moreno Manzanaro,109
,Morueco,109
,Muñoz De Morales,109
,Nebot,109
,Necula,109
,Penagos,109
,Pinheiro,109
,Santonja,109
,Serranos,109
,Solanilla,109
,Valderrabano,109
,Zotes,109
,Zunzunegui,109
,Ajo,108
,Allali,108
,Arza,108
,Balado,108
,Basterrechea,108
,Buzón,108
,Cadarso,108
,Camiña,108
,Denia,108
,Devora,108
,Doctor,108
,El Kasmi,108
,Farcas,108
,Granell,108
,Granjo,108
,Inclán,108
,Joaquín,108
,Legazpi,108
,Levano,108
,Llop,108
,Madurga,108
,Moore,108
,Morla,108
,Nielfa,108
,Oca,108
,Orosco,108
,Petrea,108
,Ramo,108
,Rielo,108
,Robalino,108
,Scott,108
,Sienes,108
,Sulca,108
,Tabanera,108
,Tarriño,108
,Tian,108
,Trandafir,108
,Uclés,108
,Veizaga,108
,Agustí,107
,Amez,107
,Cara,107
,Chairi,107
,Diouf,107
,Escrivá,107
,Estremera,107
,Figueiras,107
,Jove,107
,Lapido,107
,Llinares,107
,Mareco,107
,Marivela,107
,Molinos,107
,Oeo,107
,Orjuela,107
,Ors,107
,Pagola,107
,Perdigón,107
,Peter,107
,Pro,107
,Saborido,107
,Sánchez Rico,107
,Santofimia,107
,Sarr,107
,Troitiño,107
,Tudose,107
,Vilaplana,107
,Villacastin,107
,Zelada,107
,Abdellaoui,106
,Agudín,106
,Alcubilla,106
,Ancos,106
,Barnes,106
,Barras,106
,Bohoyo,106
,Calixto,106
,Carrilero,106
,Catana,106
,Cedena,106
,Ciuca,106
,Dogaru,106
,Entrena,106
,Florescu,106
,Franganillo,106
,Fueyo,106
,García Redondo,106
,Grillo,106
,Guarín,106
,Hervella,106
,Iosif,106
,Kirilova,106
,Lamata,106
,Lazarte,106
,Leite,106
,Maceda,106
,Marazuela,106
,Marchamalo,106
,Mardones,106
,Matta,106
,Moposita,106
,Moriñigo,106
,Pedroza,106
,Penedo,106
,Piñera,106
,Ramil,106
,Riballo,106
,Rodil,106
,Valdecantos,106
,Valiño,106
,Ybañez,106
,Yebes,106
,Amghar,105
,Areces,105
,Arnes,105
,Badorrey,105
,Baltar,105
,Bellot,105
,Bouazza,105
,Burcio,105
,Canet,105
,Carlavilla,105
,Carp,105
,Castillejos,105
,Concejo,105
,Costero,105
,Edu,105
,El Jaouhari,105
,El Kaddouri,105
,Fernández Cañadas,105
,Fiestas,105
,Gabor,105
,Gaibor,105
,Ganea,105
,García Patrón,105
,Gu,105
,Krasimirov,105
,Laviña,105
,Maraver,105
,Martínez Conde,105
,Masip,105
,Mejuto,105
,Menoyo,105
,Murphy,105
,Pedrajas,105
,Rabano,105
,Saenz De Miera,105
,Schneider,105
,Tarazaga,105
,Temiño,105
,Temprado,105
,Valdehita,105
,Vegue,105
,Vidaurre,105
,Adalid,104
,Alvira,104
,Amil,104
,Arrabe,104
,Azougagh,104
,Barata,104
,Bedon,104
,Brio,104
,Calahorra,104
,Cereijo,104
,Clavo,104
,Corujo,104
,Covaci,104
,Cristian,104
,Davies,104
,Delfa,104
,Díaz Regañón,104
,Dumont,104
,Escobosa,104
,Forcada,104
,Fragua,104
,Galo,104
,Garbajosa,104
,García De La Torre,104
,Gavin,104
,Gonzalvo,104
,Heranz,104
,Ibarrola,104
,Laina,104
,Martín Loeches,104
,Michelena,104
,Moraes,104
,Mullor,104
,Otegui,104
,Pisonero,104
,Puscasu,104
,Quintans,104
,Ravelo,104
,Ricoy,104
,Roncal,104
,Rosique,104
,Sa,104
,Sabau,104
,Salom,104
,Szabo,104
,Talidi,104
,Tornos,104
,Trave,104
,Trilla,104
,Tuesta,104
,Verdes,104
,Weber,104
,Yago,104
,Zenteno,104
,Acon,103
,Arrazola,103
,Atencio,103
,Aunion,103
,Bejan,103
,Borregon,103
,Calavia,103
,Camblor,103
,Cordovilla,103
,Deng,103
,Duta,103
,Escanio,103
,Esposito,103
,Esteras,103
,Fernández De Sevilla,103
,García Risco,103
,Garrigues,103
,Guedez,103
,Hiniesto,103
,Holguera,103
,Huesca,103
,Indiano,103
,Jirón,103
,Laiz,103
,Larrauri,103
,Lenis,103
,Magallón,103
,Mijarra,103
,Millanes,103
,Moralo,103
,Moura,103
,Nedelea,103
,Negueruela,103
,Ojalvo,103
,Orejudo,103
,Paguay,103
,Pirela,103
,Quintano,103
,Retuerto,103
,Robredo,103
,Sipos,103
,Slimani,103
,Socorro,103
,Villafañe,103
,Villahermosa,103
,Alcolado,102
,Ales,102
,Aranzueque,102
,Azarkan,102
,Bai,102
,Bertrand,102
,Botia,102
,Campanario,102
,Cimas,102
,Fernández De Velasco,102
,Fulgencio,102
,Haya,102
,Koval,102
,Lucini,102
,Moldes,102
,Niang,102
,Nowak,102
,Odriozola,102
,Pau,102
,Pecci,102
,Peñalosa,102
,Platón,102
,Puch,102
,Qian,102
,Reillo,102
,Remache,102
,Rizea,102
,Rodea,102
,Sabin,102
,Salama,102
,Terceros,102
,Toquero,102
,Trapote,102
,Vizan,102
,Zeledón,102
,Ababou,101
,Albalate,101
,Ama,101
,Beceiro,101
,Bethencourt,101
,Botana,101
,Buedo,101
,Cabanes,101
,Cala,101
,Carrobles,101
,Cendon,101
,Cepa,101
,Chia,101
,Constante,101
,Conte,101
,Cordente,101
,Cumbreño,101
,Díaz Rullo,101
,Elizaga,101
,Escoto,101
,Florencio,101
,Franch,101
,García Heras,101
,Guiñales,101
,Inarejos,101
,Jackson,101
,Lloreda,101
,Maita,101
,Mares,101
,Merencio,101
,Montecino,101
,Quicios,101
,Reglero,101
,Resina,101
,Santafe,101
,Soldado,101
,Soneira,101
,Tobias,101
,Valhondo,101
,Verano,101
,Zori,101
,Acebedo,100
,Aira,100
,Anguiano,100
,Argüello,100
,Arispe,100
,Asumu,100
,Banu,100
,Berdugo,100
,Bonacasa,100
,Bonache,100
,Carabali,100
,Carnicer,100
,Carrón,100
,Cepas,100
,Cilleruelo,100
,Cristaldo,100
,Garceran,100
,García,100
,Gaya,100
,Igartua,100
,Jabardo,100
,James,100
,Kang,100
,Landaluce,100
,Landazuri,100
,Lapo,100
,Lazareno,100
,Leis,100
,López Rey,100
,Maimouni,100
,Marciel,100
,Martín Gil,100
,Mauro,100
,Mohino,100
,Muros,100
,Oyono,100
,Pasca,100
,Pretel,100
,Sabalete,100
,Sabate,100
,Sixto,100
,Stefanescu,100
,Tiscar,100
,Ulecia,100
,Velado,100
,Yupanqui,100
,Aissaoui,99
,Blanquez,99
,Casatejada,99
,Cebollero,99
,Clara,99
,Codreanu,99
,Cotarelo,99
,El Hani,99
,Escandon,99
,Escaso,99
,Furones,99
,Gajate,99
,Geijo,99
,Hinojar,99
,Isac,99
,Juara,99
,Juarros,99
,Layos,99
,López Cano,99
,Manquillo,99
,Meliá,99
,Menasalvas,99
,Miramón,99
,Molera,99
,Pintilie,99
,Santiso,99
,Tomeo,99
,Yllera,99
,Zancada,99
,Abalo,98
,Abollado,98
,Alconchel,98
,Alvaredo,98
,Anglada,98
,Buceta,98
,Cabada,98
,Cartón,98
,Castel,98
,Chaoui,98
,Concejal,98
,Couceiro,98
,Cuenda,98
,Hammouch,98
,Honorato,98
,Mbaye,98
,Ortas,98
,Panes,98
,Peñasco,98
,Quijorna,98
,Quizhpe,98
,Rudilla,98
,Salafranca,98
,Salvo,98
,Santo Tomas,98
,Sese,98
,Toboso,98
,Violero,98
,Yeste,98
,Aleksandrova,97
,Añover,97
,Aristegui,97
,Asanza,97
,Ayuga,97
,Balas,97
,Barbancho,97
,Bona,97
,Buenadicha,97
,Campeño,97
,Castañar,97
,Cillan,97
,Enguita,97
,Garralon,97
,Gherasim,97
,Groza,97
,Helguera,97
,Iorga,97
,Lascano,97
,Logroño,97
,Lojo,97
,Martín Buitrago,97
,Nuero,97
,Ochovo,97
,Payano,97
,Picatoste,97
,Pinargote,97
,Ransanz,97
,Sánchez Heredero,97
,Stanescu,97
,Barril,96
,Bernat,96
,Carpeño,96
,García Del Valle,96
,Gortazar,96
,Montaner,96
,Moras,96
,Orejana,96
,Orosa,96
,Sendarrubias,96
,Sotodosos,96
,Travesedo,96
,Zamarreño,96
,Argenta,95
,Castelao,95
,Costoso,95
,Fernández Marcote,95
,Figuero,95
,Marlasca,95
,Mediano,95
,Mezcua,95
,Mirea,95
,Moles,95
,Nicola,95
,Olid,95
,Ortiz De Urbina,95
,Orueta,95
,Oulad,95
,San Francisco,95
,Sánchez Rey,95
,Solans,95
,Treceño,95
,Baran,94
,Borisov,94
,Caruana,94
,Catalinas,94
,Chis,94
,El Haddadi,94
,Enebral,94
,Grandes,94
,Lombardero,94
,Man,94
,Maxim,94
,Omoruyi,94
,Panero,94
,Paricio,94
,Riolobos,94
,Terriza,94
,Uribarri,94
,Valdemoro,94
,Armengol,93
,Balea,93
,Berrocosa,93
,Chira,93
,Dacosta,93
,Igualador,93
,Mazur,93
,Mrabet,93
,Munarriz,93
,Obrero,93
,Quiralte,93
,Tablado,93
,Tsvetanova,93
,Vida,93
,Villaplana,93
,Zofio,93
,Alañón,92
,Aldavero,92
,Baba,92
,Bazaco,92
,Birsan,92
,Braga,92
,Briega,92
,Butnaru,92
,Chiloeches,92
,Cristina,92
,Oterino,92
,Sal,92
,Wagner,92
,Alcudia,91
,Alexa,91
,Balladares,91
,Laguia,91
,Martín Portugués,91
,Sagúes,91
,Bujor,90
,Burguillos,90
,Calota,90
,Khamlichi,90
,Kostadinova,90
,Voinea,90
,Bronchalo,89
,Gómez Limón,89
,Ilea,89
,Madejon,89
,Millas,89
,Negoita,89
,Para,89
,Salvanés,89
,Trif,89
,Mohedas,88
,Onofrei,88
,Plesa,88
,Pomeda,88
,Ambros,87
,Cotillo,87
,Faur,87
,Mihailescu,87
,Plamenova,87
,Puiu,87
,Gherman,86
,Panait,86
,Giurgiu,85
,Juberias,85
,Plamenov,85
,Torre De La,85
,Naula,84
,Banica,83
,Scurtu,83
,Ayadi,82
,Berrocoso,82
,Boca,82
,Oros,82
,Aleksandrov,81
,Kovacs,81
,Tomoiaga,81
,Blaga,80
,Neagoe,80
,Olariu,80
,Pavlov,80
,Staicu,80
,Udrea,80
,Dragos,79
,Fratila,79
,Trifan,77
,Cercel,76
,Prodan,76
,Ciurea,75
,Palade,75
,Asenova,74
,Fuente De La,74
,Nchama,71
,Tsvetanov,71
,Asenov,61
,Olmo Del,57
,Cruz De La,54
,Rio Del,53
,Pozo Del,38
,Castillo Del,35